ID,team,department,shift,location,type,satisfaction,productivity,seniority,salary
979426,38,1,2,milano_tortona,meeting,0.903,0.812,16,10
684265,5,1,3,roma_serpenti,meeting,0.911,0.931,1,10
429937,24,1,6,messina,meeting,0.945,0.751,2,11
561607,25,1,1,torino,meeting,0.943,0.509,8,9
918281,24,1,9,pisa,teamwork,0.942,0.874,15,10
378129,29,1,11,roma_eur,teamwork,0.724,0.811,18,10
610098,24,1,4,roma_serpenti,meeting,0.815,0.916,8,9
208408,23,1,10,messina,teamwork,0.853,0.879,18,11
876454,42,1,3,milano_larga,solo,0.961,0.801,18,10
944675,20,1,12,milano_tortona,meeting,0.985,0.921,8,9
405666,29,1,4,torino,teamwork,0.911,0.852,12,9
941330,18,2,9,firenze,teamwork,0.448,0.664,3,10
584683,47,2,8,pisa,solo,0.334,0.614,18,8
894729,31,2,9,roma_solferino,solo,0.623,0.879,3,8
126467,13,2,2,bergamo,meeting,0.442,0.883,4,9
875907,60,2,3,roma_eur,teamwork,0.414,0.435,2,8
505043,56,2,1,firenze,solo,0.414,0.920,2,9
520049,57,2,5,milano_tortona,teamwork,0.445,0.293,5,9
384928,9,2,11,milano_tortona,meeting,0.739,0.875,5,8
238046,16,2,7,napoli,teamwork,0.526,0.622,6,8
920654,24,2,9,salerno,meeting,0.517,0.427,12,7
316099,47,2,9,salerno,teamwork,0.258,0.899,13,8
156273,33,2,9,firenze,meeting,0.510,0.595,17,8
320432,14,2,1,bologna,meeting,0.623,0.515,2,8
795678,22,2,2,venezia,teamwork,0.718,0.327,11,7
877953,47,2,12,roma_eur,teamwork,0.686,0.932,11,7
457793,7,2,2,milano_tortona,meeting,0.553,0.930,12,8
112887,46,2,6,venezia,teamwork,0.282,0.922,16,7
750486,23,2,7,milano_tortona,solo,0.662,0.470,4,8
914026,4,2,5,arezzo,meeting,0.320,0.432,18,7
573817,41,2,3,torino,teamwork,0.487,0.294,19,6
325243,7,2,4,bologna,teamwork,0.406,0.891,17,8
452661,60,2,10,salerno,solo,0.311,0.376,8,7
360715,60,2,2,pisa,solo,0.909,0.529,20,8
956282,29,2,11,napoli,meeting,0.540,0.273,5,7
130077,56,2,1,pisa,teamwork,0.840,0.898,16,7
119000,6,2,8,roma_serpenti,solo,0.530,0.750,8,8
749872,22,2,12,torino,teamwork,0.720,0.523,16,8
643715,13,2,11,bergamo,meeting,0.682,0.962,13,7
616068,56,2,2,roma_solferino,teamwork,0.416,0.890,4,7
426532,41,2,2,roma_serpenti,meeting,0.637,0.251,8,7
638517,44,2,10,roma_solferino,teamwork,0.672,0.920,7,6
913197,43,2,12,messina,solo,0.837,0.303,14,7
289621,55,2,2,salerno,solo,0.697,0.258,20,8
638198,25,2,10,firenze,meeting,0.336,0.973,15,8
611884,34,2,6,torino,teamwork,0.429,0.968,2,8
487670,55,2,10,bergamo,solo,0.323,0.430,5,8
796602,23,2,7,milano_larga,teamwork,0.355,0.857,8,8
515112,34,2,11,bologna,teamwork,0.681,0.449,5,6
756276,23,2,2,roma_eur,solo,0.586,0.482,2,8
611567,48,2,9,bologna,solo,0.317,0.520,1,9
407571,28,2,11,salerno,meeting,0.475,0.223,5,6
543853,38,2,7,milano_tortona,teamwork,0.391,0.428,8,7
114069,34,2,7,bologna,solo,0.673,0.637,10,7
335177,21,2,12,milano_larga,teamwork,0.678,0.192,1,8
900065,11,2,8,roma_solferino,teamwork,0.530,0.769,18,8
440551,12,2,6,napoli,teamwork,0.562,0.240,4,8
891680,23,2,3,milano_tortona,teamwork,0.673,0.284,19,8
721239,28,2,6,milano_larga,meeting,0.529,0.483,6,7
602515,2,2,2,bologna,teamwork,0.529,0.956,12,6
719634,45,2,4,roma_eur,meeting,0.472,0.447,4,9
747025,9,2,12,napoli,meeting,0.614,0.521,2,7
579979,55,2,7,bergamo,teamwork,0.839,0.196,16,6
120113,36,2,9,roma_serpenti,teamwork,0.867,0.197,11,8
625425,20,2,12,roma_eur,meeting,0.801,0.687,3,7
636843,41,2,9,firenze,teamwork,0.884,0.457,19,7
143440,22,2,10,bologna,solo,0.427,0.353,14,6
178754,47,2,12,bergamo,meeting,0.839,0.305,11,8
345581,9,2,8,milano_larga,teamwork,0.848,0.550,9,6
648218,5,2,8,torino,teamwork,0.739,0.643,1,7
976798,42,2,1,milano_larga,solo,0.825,0.883,11,8
656568,18,2,10,venezia,solo,0.899,0.607,16,7
761527,32,2,11,milano_larga,meeting,0.514,0.733,11,6
485146,20,2,8,salerno,meeting,0.266,0.374,16,8
753166,35,2,1,bologna,teamwork,0.813,0.629,16,9
918346,17,2,10,napoli,teamwork,0.351,0.462,9,7
213347,42,2,2,pisa,meeting,0.629,0.668,6,6
980954,39,2,12,roma_eur,teamwork,0.719,0.323,15,7
537556,48,2,7,messina,solo,0.840,0.305,19,8
217525,11,2,10,bologna,meeting,0.554,0.856,14,7
833626,52,2,4,firenze,teamwork,0.634,0.799,3,6
258318,2,2,4,roma_eur,teamwork,0.480,0.775,10,7
997173,21,3,10,venezia,solo,0.453,0.521,12,8
503214,46,3,2,arezzo,solo,0.764,0.357,4,9
779134,12,3,1,roma_eur,meeting,0.901,0.732,6,7
812021,46,3,2,venezia,teamwork,0.501,0.264,8,6
593847,37,3,11,venezia,solo,0.241,0.334,15,9
194788,42,3,12,milano_tortona,teamwork,0.651,0.836,14,2
978652,13,3,9,venezia,meeting,0.445,0.509,5,4
435437,60,3,9,bologna,teamwork,0.624,0.241,3,7
661139,51,3,11,napoli,meeting,0.758,0.414,11,3
487016,14,3,6,salerno,teamwork,0.413,0.529,18,9
860261,13,3,11,napoli,solo,0.609,0.941,3,8
993469,43,3,12,bologna,meeting,0.321,0.696,11,4
315680,14,3,2,bergamo,meeting,0.288,0.650,17,4
392362,36,3,8,venezia,teamwork,0.875,0.522,2,5
727214,57,3,8,arezzo,teamwork,0.441,0.883,6,4
924531,41,3,6,pisa,meeting,0.697,0.421,6,7
237537,56,3,8,napoli,teamwork,0.562,0.347,9,2
883678,15,3,2,venezia,solo,0.410,0.707,8,8
192095,36,3,6,milano_tortona,meeting,0.508,0.717,16,5
173181,25,3,10,messina,teamwork,0.810,0.463,11,2
947008,4,3,3,venezia,teamwork,0.650,0.349,7,9
563868,47,3,7,napoli,solo,0.532,0.463,14,8
823741,24,3,10,pisa,solo,0.720,0.947,2,6
533734,47,3,11,roma_solferino,meeting,0.599,0.649,12,5
780645,17,3,2,roma_serpenti,teamwork,0.802,0.575,11,8
688585,20,3,12,bologna,meeting,0.375,0.489,4,3
265405,30,3,11,roma_serpenti,meeting,0.852,0.800,4,6
825842,49,3,5,arezzo,teamwork,0.797,0.974,18,8
704954,7,3,4,roma_solferino,teamwork,0.470,0.661,1,9
473832,10,3,3,bologna,meeting,0.651,0.830,18,6
684002,12,3,9,bologna,teamwork,0.246,0.704,13,7
238462,60,3,12,roma_eur,solo,0.279,0.943,3,8
302169,40,3,7,roma_eur,meeting,0.299,0.356,18,7
214494,11,3,5,salerno,teamwork,0.357,0.301,6,6
391661,45,3,4,venezia,teamwork,0.619,0.944,6,9
309071,14,3,10,venezia,solo,0.377,0.841,16,6
790259,43,3,3,bergamo,solo,0.620,0.962,7,4
587704,27,3,10,salerno,meeting,0.392,0.707,6,8
997869,7,3,5,roma_eur,teamwork,0.607,0.298,6,4
332812,6,3,8,milano_tortona,solo,0.909,0.520,19,7
960924,41,3,11,torino,teamwork,0.307,0.327,13,5
640548,54,3,7,milano_tortona,meeting,0.640,0.224,7,5
227760,36,3,5,milano_tortona,teamwork,0.820,0.448,7,5
532903,26,3,2,torino,meeting,0.264,0.503,3,4
646061,41,3,2,roma_solferino,teamwork,0.256,0.944,14,6
994331,4,3,4,bergamo,solo,0.538,0.895,2,3
773485,51,3,4,roma_serpenti,solo,0.278,0.948,7,7
954092,20,3,9,roma_solferino,meeting,0.778,0.388,11,3
385602,22,3,12,venezia,teamwork,0.839,0.967,11,3
195459,54,3,9,pisa,solo,0.470,0.756,4,3
878825,23,3,6,firenze,teamwork,0.306,0.197,6,9
680014,48,3,2,bologna,teamwork,0.248,0.800,8,6
881434,50,3,1,torino,solo,0.827,0.732,8,2
888827,59,3,9,torino,teamwork,0.309,0.755,17,7
463735,59,3,7,roma_eur,meeting,0.452,0.867,16,8
150291,9,3,5,salerno,teamwork,0.858,0.611,10,9
724918,44,3,7,bologna,meeting,0.367,0.661,11,7
586324,56,3,12,roma_eur,teamwork,0.522,0.851,6,9
187649,15,3,3,messina,solo,0.743,0.961,4,6
253162,1,3,5,napoli,solo,0.348,0.712,13,9
629670,35,3,2,venezia,meeting,0.885,0.286,2,2
693990,9,3,12,milano_larga,teamwork,0.916,0.388,10,3
986694,42,3,12,arezzo,solo,0.862,0.193,1,8
178928,44,3,12,venezia,teamwork,0.235,0.873,17,4
404132,21,3,4,firenze,teamwork,0.898,0.400,18,4
191926,9,3,2,roma_solferino,solo,0.853,0.825,6,7
253184,34,3,7,pisa,meeting,0.560,0.643,14,3
305016,11,3,2,milano_tortona,teamwork,0.573,0.430,15,4
465390,26,3,11,salerno,solo,0.522,0.521,12,6
349650,32,3,2,roma_solferino,teamwork,0.332,0.806,15,8
698725,11,3,8,firenze,teamwork,0.741,0.832,4,3
763597,20,3,7,venezia,meeting,0.441,0.698,19,3
582812,19,3,9,torino,teamwork,0.860,0.674,4,4
377053,44,3,4,messina,solo,0.807,0.723,13,2
900445,44,3,3,roma_serpenti,teamwork,0.525,0.801,17,9
165620,1,3,1,torino,meeting,0.305,0.563,1,7
348490,6,3,9,milano_larga,teamwork,0.490,0.657,18,3
740623,48,3,12,pisa,meeting,0.771,0.257,13,8
776165,59,3,1,bologna,teamwork,0.625,0.313,16,6
248458,34,3,8,arezzo,solo,0.466,0.906,5,7
417149,51,3,2,bologna,solo,0.530,0.192,12,8
787364,12,3,10,bologna,meeting,0.921,0.764,15,2
694384,20,3,4,torino,teamwork,0.679,0.670,5,3
475544,17,4,2,napoli,solo,0.732,0.769,2,7
432963,40,4,2,torino,teamwork,0.724,0.284,2,4
475535,56,4,7,pisa,teamwork,0.641,0.568,20,7
322957,11,4,7,arezzo,solo,0.638,0.482,19,7
461039,18,4,12,milano_tortona,meeting,0.562,0.845,13,3
744139,54,4,5,firenze,teamwork,0.619,0.912,18,4
610746,11,4,11,milano_tortona,teamwork,0.252,0.777,9,7
522166,18,4,8,napoli,solo,0.817,0.427,13,3
360718,45,4,12,venezia,solo,0.896,0.270,13,3
673349,41,4,6,roma_solferino,meeting,0.343,0.793,12,9
763324,25,4,9,roma_solferino,teamwork,0.239,0.363,11,4
425141,21,4,6,messina,solo,0.259,0.692,12,6
727890,22,4,7,firenze,teamwork,0.800,0.678,9,7
462584,10,4,9,napoli,meeting,0.515,0.684,19,6
870589,46,4,4,salerno,teamwork,0.683,0.536,10,8
125384,33,4,6,messina,meeting,0.360,0.423,9,8
445947,41,4,4,roma_solferino,teamwork,0.862,0.335,10,9
830565,51,4,5,bologna,solo,0.470,0.753,4,8
193656,12,4,2,bologna,solo,0.338,0.812,12,8
928829,14,4,4,bologna,meeting,0.859,0.469,8,4
558742,25,4,12,messina,teamwork,0.813,0.234,1,9
583873,58,4,11,arezzo,solo,0.871,0.961,8,4
917014,12,4,1,firenze,teamwork,0.399,0.612,3,4
464066,2,4,4,napoli,teamwork,0.254,0.342,13,2
778526,56,4,1,pisa,meeting,0.265,0.802,4,7
699087,34,4,11,messina,meeting,0.863,0.317,5,8
320881,59,4,4,milano_larga,teamwork,0.365,0.221,11,5
230803,41,4,3,torino,teamwork,0.518,0.597,13,8
986548,37,4,7,salerno,meeting,0.278,0.764,17,4
134167,19,4,1,messina,teamwork,0.458,0.404,13,2
905367,18,4,2,roma_eur,solo,0.737,0.536,7,4
994714,56,4,7,roma_eur,meeting,0.707,0.281,13,8
978205,24,4,12,bologna,teamwork,0.725,0.737,11,8
703712,31,4,9,roma_solferino,teamwork,0.791,0.873,20,6
122681,36,4,7,roma_serpenti,solo,0.320,0.844,9,4
358337,16,4,2,firenze,solo,0.262,0.352,18,2
239486,37,4,9,torino,meeting,0.299,0.744,11,2
948219,37,4,3,roma_solferino,meeting,0.662,0.326,4,6
600969,25,4,12,roma_solferino,meeting,0.819,0.736,14,3
776035,8,4,8,napoli,teamwork,0.294,0.481,16,8
736188,12,4,4,arezzo,teamwork,0.599,0.401,13,4
856436,59,4,5,napoli,meeting,0.934,0.207,3,2
968617,38,4,4,salerno,teamwork,0.916,0.297,16,7
405326,31,4,3,napoli,solo,0.838,0.698,8,7
648377,21,4,3,milano_larga,meeting,0.300,0.371,11,6
975790,19,4,6,bergamo,teamwork,0.814,0.618,4,8
142881,40,4,9,arezzo,teamwork,0.747,0.323,17,7
670991,27,4,1,roma_serpenti,solo,0.679,0.340,1,5
753836,31,4,1,bologna,solo,0.425,0.354,6,8
886534,52,4,11,napoli,meeting,0.535,0.674,11,6
938869,52,4,1,napoli,teamwork,0.284,0.789,12,5
864702,21,4,3,salerno,solo,0.892,0.389,2,5
398977,19,4,4,milano_tortona,teamwork,0.876,0.309,8,2
270823,34,4,3,napoli,meeting,0.276,0.845,7,6
498264,7,4,9,firenze,teamwork,0.391,0.493,5,2
851430,7,4,2,firenze,meeting,0.409,0.680,14,5
296301,9,4,3,roma_eur,teamwork,0.649,0.251,1,6
439960,5,4,11,roma_serpenti,solo,0.427,0.551,5,8
680501,49,4,1,bergamo,solo,0.277,0.303,1,4
712730,14,4,8,bergamo,meeting,0.613,0.837,9,6
601502,59,4,5,arezzo,teamwork,0.594,0.541,10,2
451298,28,4,11,arezzo,solo,0.732,0.215,11,2
898307,6,4,8,napoli,teamwork,0.235,0.372,18,5
489498,11,4,7,roma_solferino,teamwork,0.788,0.863,14,5
390485,59,4,8,arezzo,teamwork,0.922,0.365,18,5
981815,57,4,8,firenze,solo,0.244,0.677,15,5
940833,45,4,8,venezia,teamwork,0.607,0.513,13,4
788989,14,4,9,roma_eur,meeting,0.908,0.778,2,3
447573,37,4,2,roma_solferino,teamwork,0.267,0.208,17,8
784912,25,4,1,bologna,meeting,0.640,0.756,15,6
464186,13,4,6,milano_larga,teamwork,0.312,0.516,20,8
524898,24,4,1,firenze,solo,0.927,0.553,3,5
827880,44,4,9,messina,solo,0.696,0.929,6,2
665949,4,4,7,messina,meeting,0.372,0.758,9,4
683608,31,4,7,bologna,teamwork,0.468,0.714,7,2
356111,25,4,11,salerno,solo,0.647,0.713,17,5
428005,50,4,10,torino,teamwork,0.455,0.580,20,2
480676,24,4,6,pisa,teamwork,0.507,0.244,4,3
822173,25,4,1,bergamo,meeting,0.651,0.590,6,9
170799,53,4,5,venezia,meeting,0.880,0.406,16,5
430513,32,4,7,milano_larga,meeting,0.355,0.236,11,7
124106,7,4,4,venezia,meeting,0.684,0.411,10,2
482455,17,4,6,roma_solferino,teamwork,0.553,0.855,19,8
225851,48,4,4,pisa,teamwork,0.310,0.888,13,4
832442,48,4,2,roma_eur,meeting,0.713,0.634,11,6
261637,8,4,4,firenze,teamwork,0.510,0.782,4,7
316324,41,4,8,napoli,solo,0.339,0.929,15,4
350656,15,4,8,milano_tortona,meeting,0.424,0.764,16,4
915317,17,4,3,roma_solferino,teamwork,0.362,0.219,16,9
924661,34,4,3,milano_tortona,teamwork,0.781,0.869,17,9
423887,58,4,11,roma_eur,solo,0.435,0.273,19,3
285712,9,4,4,pisa,solo,0.637,0.209,7,8
620407,23,4,11,pisa,meeting,0.633,0.627,2,7
812488,45,4,5,torino,teamwork,0.314,0.712,19,5
322366,47,4,10,pisa,solo,0.600,0.334,14,3
601304,56,4,2,napoli,teamwork,0.854,0.837,20,8
301716,11,4,11,napoli,meeting,0.891,0.895,3,4
891835,35,4,2,pisa,teamwork,0.473,0.432,13,4
246905,25,4,5,milano_tortona,meeting,0.422,0.604,6,9
668397,18,4,10,milano_larga,teamwork,0.884,0.383,19,2
305605,34,4,5,milano_tortona,meeting,0.607,0.666,15,3
560494,39,4,12,messina,meeting,0.351,0.312,13,7
968017,50,4,11,venezia,teamwork,0.383,0.773,6,3
267664,17,4,5,arezzo,teamwork,0.920,0.604,7,4
419805,57,4,12,bologna,meeting,0.477,0.364,7,2
132849,31,4,4,roma_eur,teamwork,0.919,0.717,14,9
625951,16,4,3,firenze,solo,0.701,0.658,14,9
180379,4,4,10,torino,meeting,0.627,0.214,12,2
441529,60,4,2,bologna,teamwork,0.460,0.344,3,8
709065,41,4,7,torino,teamwork,0.519,0.244,7,6
334215,21,4,12,messina,solo,0.394,0.373,12,7
367447,43,4,3,bergamo,solo,0.841,0.711,7,9
442779,23,4,12,roma_serpenti,meeting,0.423,0.319,13,6
957102,45,4,6,roma_serpenti,teamwork,0.303,0.402,19,4
500154,1,4,1,salerno,solo,0.352,0.535,15,6
742824,3,4,11,pisa,teamwork,0.379,0.665,20,8
472619,36,5,2,torino,meeting,0.628,0.445,4,5
868712,48,5,1,milano_larga,teamwork,0.237,0.869,13,8
271682,50,5,1,torino,meeting,0.318,0.887,14,8
221602,6,5,3,roma_serpenti,teamwork,0.583,0.786,16,7
304135,53,5,11,napoli,solo,0.416,0.286,6,7
367435,26,5,4,messina,solo,0.761,0.412,6,5
936832,11,5,5,bergamo,meeting,0.875,0.263,6,6
131108,25,5,3,milano_tortona,teamwork,0.774,0.482,20,5
791375,32,5,12,napoli,solo,0.456,0.212,14,9
752079,19,5,11,roma_serpenti,teamwork,0.384,0.549,16,2
126149,32,5,3,roma_solferino,teamwork,0.348,0.327,2,3
242939,51,5,6,venezia,solo,0.726,0.292,8,4
678641,41,5,11,roma_solferino,solo,0.656,0.820,1,4
162157,54,5,11,napoli,meeting,0.638,0.689,4,5
520106,10,5,9,bergamo,teamwork,0.527,0.429,9,9
608483,58,5,2,bologna,solo,0.907,0.956,14,8
653830,7,5,2,milano_tortona,teamwork,0.374,0.543,1,2
321923,42,5,8,milano_larga,teamwork,0.931,0.438,7,9
172654,23,5,5,milano_larga,teamwork,0.472,0.362,13,5
754040,8,5,7,bologna,teamwork,0.903,0.701,11,9
140165,39,5,12,torino,meeting,0.855,0.680,3,6
255000,4,5,9,roma_eur,teamwork,0.319,0.595,4,5
897172,52,5,11,napoli,meeting,0.430,0.539,11,3
388399,16,5,12,messina,meeting,0.918,0.255,5,6
964916,26,5,9,pisa,teamwork,0.331,0.227,20,5
889503,1,5,8,milano_larga,teamwork,0.411,0.677,2,3
842170,3,5,4,firenze,meeting,0.395,0.703,6,8
173546,23,5,2,roma_serpenti,teamwork,0.537,0.670,18,4
798148,27,5,4,roma_eur,solo,0.753,0.846,14,2
779868,7,5,9,napoli,meeting,0.857,0.216,8,6
941648,42,5,9,venezia,teamwork,0.913,0.222,1,6
498207,2,5,12,arezzo,teamwork,0.430,0.523,8,4
123510,2,5,2,venezia,solo,0.724,0.854,8,6
778593,58,5,8,messina,solo,0.688,0.853,15,4
683950,5,5,9,napoli,meeting,0.426,0.472,15,5
574170,44,5,4,salerno,meeting,0.604,0.323,1,9
533605,16,5,10,roma_solferino,teamwork,0.846,0.399,14,6
211250,44,5,1,salerno,teamwork,0.433,0.905,20,8
203688,27,5,12,roma_eur,meeting,0.375,0.919,1,8
455088,20,5,5,firenze,teamwork,0.604,0.861,16,8
779813,2,5,12,milano_larga,solo,0.892,0.480,14,5
472249,50,5,5,pisa,meeting,0.787,0.853,15,7
230933,50,5,9,venezia,teamwork,0.400,0.846,6,3
473634,43,5,7,arezzo,teamwork,0.685,0.807,14,6
143485,15,5,1,roma_serpenti,solo,0.811,0.502,3,3
994501,32,5,5,roma_eur,solo,0.918,0.436,4,5
230365,31,5,1,venezia,meeting,0.815,0.783,19,4
790971,39,5,7,bergamo,teamwork,0.639,0.973,6,3
149043,39,5,4,roma_serpenti,solo,0.383,0.633,5,6
646674,14,5,1,messina,teamwork,0.761,0.857,18,2
883578,50,5,3,messina,meeting,0.272,0.814,17,5
626306,39,5,7,milano_tortona,teamwork,0.704,0.843,5,5
637969,21,5,12,venezia,meeting,0.234,0.548,5,8
489838,12,5,8,pisa,teamwork,0.306,0.529,5,6
597983,21,5,11,venezia,solo,0.835,0.902,7,3
429056,10,5,6,napoli,meeting,0.742,0.435,13,8
512748,60,5,6,bergamo,meeting,0.513,0.803,20,2
586028,6,5,9,torino,teamwork,0.882,0.665,12,3
284146,6,5,10,arezzo,teamwork,0.369,0.271,11,2
518221,12,5,3,roma_solferino,meeting,0.482,0.356,1,3
376283,41,5,10,firenze,teamwork,0.492,0.529,12,9
460828,5,5,7,pisa,solo,0.719,0.322,3,3
608293,38,5,2,firenze,meeting,0.265,0.255,14,6
452607,21,5,10,arezzo,teamwork,0.526,0.507,14,4
943608,35,5,12,milano_tortona,teamwork,0.844,0.282,4,6
338497,58,5,7,napoli,solo,0.529,0.450,7,4
696879,26,5,1,arezzo,solo,0.686,0.372,15,3
863926,51,5,6,milano_larga,meeting,0.405,0.963,3,9
310937,10,5,8,torino,teamwork,0.816,0.729,11,3
649200,30,5,6,roma_eur,meeting,0.921,0.834,14,2
638571,24,5,9,salerno,meeting,0.691,0.584,2,4
568305,2,5,4,milano_tortona,teamwork,0.555,0.747,7,2
188142,52,5,7,torino,teamwork,0.529,0.772,11,2
436953,26,5,8,bergamo,meeting,0.724,0.451,19,6
207524,30,5,3,bergamo,teamwork,0.764,0.391,11,5
757402,34,5,10,venezia,solo,0.422,0.699,9,4
346746,25,5,4,milano_tortona,meeting,0.519,0.856,12,5
467281,51,5,1,pisa,teamwork,0.631,0.351,14,5
256848,27,5,10,bergamo,teamwork,0.460,0.219,8,8
600936,46,5,9,messina,solo,0.245,0.379,7,2
181496,22,5,9,milano_tortona,solo,0.528,0.201,14,8
911583,10,5,8,bologna,meeting,0.473,0.400,4,8
855253,19,5,11,roma_eur,teamwork,0.704,0.948,11,9
877332,21,5,9,arezzo,solo,0.543,0.261,13,2
851076,30,5,4,napoli,teamwork,0.897,0.749,3,4
291344,55,5,12,milano_tortona,meeting,0.507,0.936,11,8
296230,11,5,1,milano_tortona,teamwork,0.593,0.349,16,6
310230,7,5,4,roma_solferino,meeting,0.585,0.589,11,4
274546,48,5,1,salerno,teamwork,0.502,0.341,15,5
839359,38,5,11,napoli,solo,0.459,0.745,3,5
813022,29,5,11,milano_larga,solo,0.488,0.317,8,2
945940,33,5,9,milano_larga,meeting,0.315,0.397,16,5
712192,58,5,10,roma_eur,teamwork,0.430,0.552,19,8
122264,38,5,12,bergamo,solo,0.933,0.787,6,3
289113,26,5,10,firenze,teamwork,0.357,0.249,5,2
533217,22,5,8,pisa,teamwork,0.408,0.664,16,6
310915,34,5,10,messina,solo,0.634,0.882,4,7
837555,17,5,1,bologna,teamwork,0.409,0.525,13,8
443375,38,5,6,roma_solferino,meeting,0.834,0.289,5,9
333138,45,5,8,bergamo,teamwork,0.258,0.384,18,3
141307,18,5,4,arezzo,meeting,0.779,0.966,20,4
175477,35,5,9,napoli,teamwork,0.721,0.874,1,8
716757,48,5,5,roma_serpenti,solo,0.509,0.677,8,6
603679,22,5,7,torino,solo,0.297,0.849,6,5
699984,11,5,6,bologna,meeting,0.641,0.973,12,4
396891,36,5,10,torino,teamwork,0.421,0.277,19,2
418227,38,5,3,firenze,solo,0.589,0.514,3,2
206415,53,5,12,roma_serpenti,teamwork,0.873,0.950,16,2
698987,20,5,6,bergamo,teamwork,0.407,0.586,6,4
839442,14,5,11,firenze,solo,0.250,0.681,10,5
785027,53,6,9,pisa,meeting,0.468,0.524,5,4
971879,4,6,10,milano_tortona,teamwork,0.923,0.571,18,6
867038,28,6,10,venezia,solo,0.391,0.869,3,2
352385,48,6,9,pisa,teamwork,0.454,0.379,18,8
811434,31,6,12,salerno,teamwork,0.451,0.680,17,9
221383,9,6,10,pisa,meeting,0.250,0.389,6,7
771619,45,6,9,bologna,teamwork,0.723,0.823,18,8
492670,37,6,10,messina,solo,0.800,0.308,6,8
498382,42,6,2,roma_eur,teamwork,0.910,0.592,11,5
662277,34,6,12,bologna,meeting,0.416,0.627,7,9
605573,12,6,5,firenze,teamwork,0.413,0.338,10,6
247321,15,6,5,torino,meeting,0.579,0.737,17,8
255417,25,6,3,bologna,teamwork,0.521,0.587,7,9
988884,50,6,8,milano_tortona,solo,0.860,0.484,9,3
904354,19,6,12,napoli,solo,0.251,0.504,6,2
306889,10,6,11,venezia,meeting,0.782,0.408,18,8
681351,57,6,8,messina,teamwork,0.414,0.331,7,7
299630,30,6,11,firenze,solo,0.676,0.614,12,8
449396,19,6,9,pisa,teamwork,0.898,0.521,3,9
968036,19,6,10,bergamo,teamwork,0.588,0.528,19,5
893097,45,6,1,firenze,solo,0.365,0.313,12,3
220269,1,6,7,milano_tortona,meeting,0.734,0.707,4,4
898469,60,6,3,pisa,teamwork,0.340,0.568,2,2
813364,7,6,12,pisa,teamwork,0.297,0.362,16,4
544294,11,6,7,roma_eur,solo,0.768,0.401,5,9
116446,15,6,7,roma_serpenti,solo,0.731,0.738,13,7
552228,50,6,9,arezzo,meeting,0.475,0.473,11,6
824991,29,6,4,pisa,teamwork,0.862,0.648,17,5
500929,49,6,9,bologna,solo,0.367,0.707,18,9
520244,26,6,8,messina,teamwork,0.810,0.496,6,5
633994,8,6,3,roma_solferino,meeting,0.449,0.308,15,8
155848,34,6,2,pisa,teamwork,0.789,0.334,20,2
988244,51,6,6,venezia,meeting,0.380,0.347,13,8
585471,33,6,3,torino,teamwork,0.334,0.960,5,9
491214,48,6,10,milano_tortona,solo,0.747,0.451,7,8
986495,14,6,6,messina,solo,0.394,0.899,3,2
606725,15,6,7,messina,meeting,0.769,0.275,11,9
324566,26,6,12,roma_eur,teamwork,0.796,0.605,5,9
730087,38,6,9,salerno,solo,0.340,0.282,4,3
546061,4,6,8,roma_eur,teamwork,0.852,0.195,8,3
919703,11,6,1,venezia,teamwork,0.785,0.703,13,9
297339,42,6,4,roma_serpenti,meeting,0.887,0.411,1,7
342568,47,6,9,pisa,meeting,0.914,0.497,19,5
583457,11,6,8,pisa,teamwork,0.848,0.859,16,3
558738,46,6,10,messina,teamwork,0.832,0.310,7,8
690904,29,6,3,napoli,meeting,0.321,0.903,9,6
288724,22,6,9,milano_tortona,teamwork,0.812,0.375,15,6
498132,16,6,1,bergamo,solo,0.870,0.850,20,9
592095,5,6,8,venezia,meeting,0.300,0.897,10,7
980959,17,6,12,messina,teamwork,0.672,0.343,15,4
147792,20,6,7,napoli,teamwork,0.531,0.758,10,3
113795,23,6,6,napoli,solo,0.934,0.440,20,7
367086,11,6,7,bergamo,solo,0.890,0.609,18,5
279774,58,6,11,roma_eur,meeting,0.692,0.633,20,8
954811,28,6,6,firenze,meeting,0.741,0.281,17,2
489399,54,6,12,torino,meeting,0.825,0.453,17,7
485043,25,6,8,roma_serpenti,teamwork,0.846,0.579,16,2
200616,55,6,6,roma_solferino,teamwork,0.308,0.599,11,4
547379,50,6,6,roma_solferino,meeting,0.358,0.694,11,7
440909,35,6,3,venezia,teamwork,0.821,0.403,15,3
447192,9,6,9,messina,solo,0.407,0.382,16,8
849972,9,6,12,bologna,meeting,0.685,0.902,19,7
998819,3,6,1,arezzo,teamwork,0.785,0.894,16,6
632062,26,6,3,roma_serpenti,teamwork,0.408,0.604,13,2
200600,14,7,8,roma_solferino,solo,0.731,0.435,18,4
154398,22,7,4,milano_larga,solo,0.318,0.229,7,3
607769,3,7,3,roma_eur,meeting,0.620,0.336,15,9
898116,24,7,5,bologna,teamwork,0.565,0.333,5,2
480749,46,7,1,bergamo,solo,0.299,0.460,8,3
648329,22,7,3,torino,teamwork,0.841,0.305,13,6
529725,6,7,5,roma_solferino,meeting,0.464,0.785,16,3
212643,22,7,2,bologna,teamwork,0.583,0.772,12,5
337747,8,7,9,bologna,meeting,0.610,0.517,10,5
682526,44,7,10,bergamo,teamwork,0.478,0.229,13,2
684032,42,7,9,bergamo,solo,0.897,0.352,13,2
330932,27,7,3,milano_larga,solo,0.369,0.434,16,4
825597,44,7,8,milano_larga,meeting,0.707,0.833,9,6
636384,8,7,1,bologna,teamwork,0.660,0.488,5,5
174960,1,7,4,roma_eur,solo,0.778,0.422,8,3
544645,1,7,6,venezia,teamwork,0.730,0.734,2,2
137838,22,7,1,bologna,teamwork,0.302,0.506,13,9
911079,32,7,4,milano_tortona,teamwork,0.354,0.507,7,8
360165,5,7,4,venezia,solo,0.792,0.730,14,3
533820,58,7,5,roma_eur,teamwork,0.509,0.673,9,3
188799,21,7,1,milano_larga,meeting,0.380,0.809,7,2
155336,23,7,10,roma_eur,teamwork,0.708,0.965,18,2
903183,15,7,8,venezia,meeting,0.374,0.212,4,2
880814,7,7,4,milano_larga,teamwork,0.319,0.775,5,3
603560,22,7,8,milano_tortona,solo,0.928,0.325,13,6
824090,10,7,3,milano_tortona,solo,0.652,0.272,13,8
356664,45,7,11,milano_larga,meeting,0.599,0.504,1,2
842715,45,7,6,venezia,teamwork,0.511,0.740,7,5
963285,59,7,4,salerno,solo,0.383,0.482,3,3
269093,46,7,10,napoli,teamwork,0.373,0.661,1,9
557445,10,7,12,bologna,teamwork,0.333,0.489,3,4
859340,49,7,3,firenze,meeting,0.311,0.640,3,8
942841,48,7,7,torino,meeting,0.651,0.492,10,4
811009,22,7,4,arezzo,meeting,0.874,0.831,8,4
826025,55,7,8,messina,meeting,0.295,0.461,18,5
603740,53,7,5,milano_tortona,teamwork,0.469,0.839,17,2
564703,40,7,7,salerno,teamwork,0.257,0.232,17,6
848152,20,7,12,roma_serpenti,meeting,0.257,0.911,8,3
654045,22,7,11,firenze,teamwork,0.676,0.505,15,5
978515,25,7,1,roma_eur,solo,0.353,0.391,2,6
689563,23,7,12,venezia,meeting,0.378,0.874,2,3
479445,36,7,4,roma_solferino,teamwork,0.527,0.640,14,4
576571,58,7,5,roma_solferino,teamwork,0.928,0.673,13,9
978355,20,7,7,salerno,solo,0.907,0.662,3,5
800046,19,7,1,roma_solferino,solo,0.632,0.290,3,6
112488,51,7,8,roma_eur,meeting,0.550,0.637,4,8
700439,19,7,6,milano_tortona,teamwork,0.679,0.234,10,4
393541,47,7,2,messina,solo,0.310,0.624,9,5
845480,50,7,12,arezzo,teamwork,0.374,0.883,10,8
465594,33,7,9,roma_eur,meeting,0.688,0.499,8,4
749977,19,7,5,roma_eur,teamwork,0.878,0.377,3,5
515867,8,7,12,torino,meeting,0.676,0.868,6,8
799022,47,7,6,bologna,teamwork,0.360,0.733,3,4
601106,26,7,8,arezzo,meeting,0.790,0.606,11,3
762990,43,7,3,bergamo,meeting,0.271,0.865,2,4
903426,18,7,2,firenze,teamwork,0.487,0.925,14,5
640579,12,7,11,roma_eur,teamwork,0.784,0.256,19,9
997669,28,7,12,bergamo,meeting,0.570,0.502,4,8
143248,34,7,11,torino,teamwork,0.858,0.576,15,4
122329,56,7,2,milano_larga,solo,0.367,0.216,15,8
234814,46,7,2,pisa,meeting,0.887,0.720,14,3
141183,39,7,6,pisa,teamwork,0.809,0.361,17,7
241779,10,7,7,milano_larga,teamwork,0.674,0.550,11,2
496931,13,7,12,torino,solo,0.343,0.493,1,2
305160,18,7,10,salerno,solo,0.382,0.811,18,9
294755,49,7,3,pisa,meeting,0.321,0.581,8,5
269049,16,7,3,milano_larga,teamwork,0.540,0.847,16,3
780456,18,7,7,torino,solo,0.668,0.302,16,8
345041,52,7,6,roma_serpenti,teamwork,0.651,0.363,5,8
962636,6,7,6,roma_serpenti,meeting,0.555,0.670,11,2
439961,4,7,6,firenze,teamwork,0.697,0.450,14,3
765595,52,7,7,firenze,meeting,0.310,0.265,7,9
475915,53,7,1,bergamo,teamwork,0.371,0.339,6,7
173309,18,7,6,messina,solo,0.339,0.868,11,8
586042,29,7,10,roma_solferino,solo,0.638,0.920,11,6
237193,9,7,7,napoli,meeting,0.791,0.296,9,7
962801,14,7,12,milano_tortona,teamwork,0.553,0.460,19,8
924395,55,7,10,milano_larga,solo,0.305,0.594,15,7
857685,15,7,8,roma_solferino,teamwork,0.283,0.905,13,4
654551,59,7,5,salerno,teamwork,0.924,0.485,18,8
637335,13,7,3,roma_solferino,solo,0.750,0.880,10,3
806363,26,7,4,roma_eur,solo,0.304,0.639,4,8
794628,51,7,4,napoli,meeting,0.387,0.582,8,2
507806,23,7,3,messina,teamwork,0.890,0.260,18,3
561926,17,7,2,torino,solo,0.799,0.748,12,4
320465,37,7,3,bologna,teamwork,0.297,0.262,4,2
494084,10,7,3,salerno,teamwork,0.239,0.323,10,8
909031,6,7,11,arezzo,teamwork,0.608,0.799,6,3
473799,27,7,3,pisa,teamwork,0.863,0.272,3,5
821722,59,7,5,messina,meeting,0.638,0.952,13,5
722724,28,7,1,roma_serpenti,teamwork,0.344,0.711,17,3
384871,33,7,1,bergamo,meeting,0.457,0.579,4,7
736825,41,7,3,arezzo,meeting,0.579,0.903,4,7
166574,57,7,6,messina,teamwork,0.373,0.298,11,6
660191,40,7,8,napoli,teamwork,0.486,0.819,11,2
156794,27,7,3,torino,meeting,0.329,0.234,10,3
471556,43,7,2,milano_larga,teamwork,0.470,0.229,9,2
752993,54,7,4,torino,solo,0.868,0.964,14,7
601187,24,7,8,milano_larga,meeting,0.592,0.784,9,7
762827,34,7,10,roma_eur,teamwork,0.665,0.397,3,2
704528,29,7,12,venezia,teamwork,0.356,0.859,8,9
635077,56,7,6,messina,solo,0.646,0.202,3,6
177664,51,7,5,milano_larga,solo,0.626,0.904,20,9
530909,27,7,12,arezzo,meeting,0.595,0.824,12,9
977840,51,7,5,torino,meeting,0.257,0.575,19,8
913656,55,8,8,messina,teamwork,0.917,0.666,3,7
670544,3,8,10,torino,teamwork,0.422,0.517,15,5
357125,3,8,3,bergamo,meeting,0.686,0.438,3,2
867589,34,8,3,milano_tortona,teamwork,0.758,0.486,3,7
210066,16,8,8,bologna,solo,0.323,0.946,20,6
533426,60,8,7,napoli,meeting,0.764,0.494,10,4
882151,33,8,6,napoli,teamwork,0.730,0.574,2,9
443919,20,8,12,salerno,teamwork,0.710,0.912,7,7
158976,30,8,8,bergamo,solo,0.559,0.831,3,3
306770,11,8,1,milano_larga,solo,0.641,0.479,6,2
199634,37,8,5,arezzo,meeting,0.841,0.390,12,3
734326,22,8,11,roma_serpenti,teamwork,0.683,0.215,15,3
953200,13,8,1,salerno,solo,0.770,0.552,8,5
899989,57,8,4,arezzo,teamwork,0.877,0.888,12,4
246769,25,8,5,pisa,meeting,0.426,0.356,19,6
551744,2,8,9,messina,teamwork,0.913,0.737,11,2
198133,6,8,4,salerno,meeting,0.671,0.211,18,7
381478,26,8,11,napoli,teamwork,0.547,0.197,1,5
144876,12,8,6,bologna,solo,0.743,0.911,9,7
427485,60,8,3,bologna,meeting,0.552,0.925,18,5
359677,21,8,9,roma_serpenti,meeting,0.315,0.312,9,6
522184,16,8,5,napoli,teamwork,0.754,0.199,13,7
320408,41,8,9,bologna,teamwork,0.562,0.608,10,9
849549,55,8,11,venezia,meeting,0.918,0.867,8,4
260885,59,8,5,arezzo,teamwork,0.875,0.499,15,9
440980,15,8,10,bergamo,solo,0.846,0.649,16,4
161369,3,8,1,roma_serpenti,meeting,0.850,0.653,8,6
698394,45,8,6,messina,teamwork,0.925,0.771,14,4
973302,27,8,4,bergamo,teamwork,0.383,0.935,1,8
777672,24,8,9,arezzo,solo,0.584,0.833,14,9
195448,46,8,6,bergamo,solo,0.275,0.502,19,7
453494,1,8,3,milano_tortona,meeting,0.311,0.452,9,5
713448,32,8,5,roma_solferino,teamwork,0.338,0.528,5,9
668677,37,8,12,milano_larga,meeting,0.471,0.368,9,9
828767,8,8,3,arezzo,meeting,0.699,0.295,5,8
756021,28,8,3,salerno,teamwork,0.458,0.690,8,5
760408,44,8,8,venezia,teamwork,0.273,0.922,2,9
542008,18,8,12,arezzo,meeting,0.881,0.840,8,9
318782,3,8,3,milano_larga,teamwork,0.536,0.562,11,9
123240,25,8,7,firenze,solo,0.774,0.446,7,4
176673,33,8,10,bologna,meeting,0.840,0.968,16,6
591695,33,8,5,bergamo,teamwork,0.887,0.943,13,5
355560,52,8,9,roma_solferino,teamwork,0.484,0.843,14,4
330464,39,8,5,salerno,solo,0.886,0.668,5,9
507313,47,8,11,pisa,solo,0.511,0.264,11,9
765988,30,8,7,napoli,meeting,0.698,0.838,13,8
445123,58,8,5,bergamo,teamwork,0.686,0.506,9,7
205176,24,8,7,roma_serpenti,solo,0.676,0.488,11,9
394423,26,8,12,bologna,teamwork,0.293,0.633,19,4
963431,40,8,11,napoli,meeting,0.839,0.417,2,9
380469,51,8,2,roma_eur,teamwork,0.541,0.483,16,4
218574,17,8,12,arezzo,meeting,0.671,0.966,10,5
971793,16,8,6,pisa,teamwork,0.802,0.283,7,3
937878,4,8,11,pisa,solo,0.319,0.493,9,8
356694,40,8,12,milano_tortona,solo,0.449,0.439,3,9
122607,3,8,2,pisa,meeting,0.734,0.709,15,6
913734,40,8,2,roma_eur,teamwork,0.276,0.747,19,8
245031,55,8,10,roma_serpenti,solo,0.801,0.457,8,5
185921,43,8,9,salerno,teamwork,0.543,0.742,16,3
189810,54,8,6,messina,teamwork,0.653,0.942,1,4
718792,50,8,8,bergamo,solo,0.858,0.275,9,4
633097,16,8,10,venezia,teamwork,0.576,0.685,17,9
944413,1,8,7,bergamo,meeting,0.840,0.757,2,5
512715,27,8,11,roma_eur,teamwork,0.914,0.905,18,5
307433,59,8,2,napoli,meeting,0.706,0.716,6,5
158632,53,8,11,roma_solferino,teamwork,0.542,0.280,4,5
513327,2,8,3,pisa,solo,0.642,0.504,9,4
177849,2,8,3,roma_solferino,solo,0.700,0.316,10,9
687517,45,8,11,roma_eur,meeting,0.623,0.273,1,2
810098,4,8,12,firenze,teamwork,0.585,0.394,4,3
681235,47,8,6,pisa,solo,0.657,0.743,1,6
757302,36,8,7,pisa,teamwork,0.873,0.247,15,6
935485,2,8,7,messina,teamwork,0.912,0.666,13,4
502845,36,8,8,napoli,solo,0.819,0.415,7,6
112732,51,8,10,pisa,meeting,0.854,0.839,1,5
770824,23,8,12,bologna,teamwork,0.817,0.215,13,2
483232,58,8,2,bologna,solo,0.753,0.542,5,4
437494,35,8,1,torino,teamwork,0.449,0.561,8,7
241105,17,8,3,messina,teamwork,0.503,0.755,3,9
261453,26,8,9,roma_serpenti,meeting,0.860,0.359,2,4
172883,41,8,7,pisa,teamwork,0.530,0.955,11,7
162350,37,8,8,bologna,solo,0.378,0.483,5,2
357050,52,8,12,messina,teamwork,0.428,0.211,8,6
480580,35,8,7,firenze,meeting,0.807,0.216,15,6
558570,30,8,3,napoli,teamwork,0.663,0.616,10,6
929768,12,8,2,napoli,meeting,0.358,0.207,10,7
381850,49,8,4,roma_serpenti,teamwork,0.321,0.702,11,8
732326,12,8,10,milano_larga,solo,0.898,0.892,3,9
157385,31,8,7,venezia,solo,0.713,0.419,1,5
654583,39,8,2,venezia,meeting,0.847,0.904,14,7
307223,60,8,5,arezzo,teamwork,0.794,0.424,5,4
121337,49,8,2,messina,solo,0.738,0.222,9,3
965570,37,8,7,salerno,teamwork,0.633,0.444,8,5
320559,49,8,8,roma_solferino,teamwork,0.329,0.713,14,6
826469,18,8,5,torino,solo,0.511,0.679,20,3
210058,34,8,3,venezia,meeting,0.754,0.305,11,6
964908,46,8,10,arezzo,teamwork,0.265,0.552,17,3
943624,14,8,12,firenze,teamwork,0.471,0.218,16,7
468810,7,8,2,roma_eur,solo,0.730,0.726,15,6
391812,20,8,12,venezia,solo,0.836,0.191,1,4
798985,7,8,8,firenze,meeting,0.269,0.262,5,5
309089,11,8,4,milano_tortona,teamwork,0.610,0.439,17,7
349289,43,8,2,salerno,solo,0.608,0.780,4,8
975483,19,8,2,milano_tortona,teamwork,0.912,0.627,8,6
303777,35,8,8,pisa,meeting,0.843,0.604,10,8
630098,25,8,5,salerno,teamwork,0.368,0.786,19,2
598108,18,8,10,bergamo,meeting,0.518,0.386,16,4
159558,37,8,4,venezia,teamwork,0.472,0.216,7,5
833091,8,8,10,milano_larga,solo,0.916,0.234,8,8
284165,38,8,11,roma_solferino,solo,0.261,0.233,15,5
171259,37,9,5,milano_tortona,meeting,0.572,0.255,18,6
114886,44,9,8,roma_eur,teamwork,0.655,0.606,14,7
503498,60,9,10,bergamo,solo,0.571,0.318,7,6
389101,33,9,4,bergamo,teamwork,0.685,0.773,2,3
122260,15,9,4,roma_serpenti,teamwork,0.663,0.225,18,5
560560,52,9,1,pisa,meeting,0.371,0.549,19,6
910111,56,9,10,milano_tortona,meeting,0.820,0.230,4,6
818088,32,9,5,venezia,teamwork,0.805,0.963,5,7
986149,1,9,10,milano_tortona,teamwork,0.636,0.797,4,4
664359,5,9,12,napoli,meeting,0.253,0.685,13,2
824079,6,9,3,milano_larga,teamwork,0.901,0.804,8,6
955968,41,9,11,napoli,solo,0.658,0.756,18,4
658109,22,9,5,roma_solferino,meeting,0.931,0.618,17,5
755379,45,9,3,roma_solferino,teamwork,0.648,0.934,8,3
505988,39,9,1,milano_tortona,teamwork,0.902,0.755,12,8
580577,1,9,11,salerno,solo,0.796,0.973,6,3
536108,9,9,2,roma_solferino,solo,0.573,0.446,11,5
842293,19,9,8,milano_larga,meeting,0.265,0.782,18,2
638866,56,9,2,venezia,meeting,0.395,0.886,7,8
176558,19,9,5,salerno,meeting,0.876,0.456,15,4
842003,36,9,5,milano_larga,teamwork,0.391,0.663,12,6
989814,16,9,12,messina,teamwork,0.352,0.280,17,4
640915,22,9,4,venezia,meeting,0.613,0.646,13,5
675593,57,9,1,arezzo,teamwork,0.532,0.435,20,8
411669,1,9,11,roma_serpenti,solo,0.713,0.932,8,7
607758,57,9,11,bergamo,meeting,0.872,0.940,18,9
239140,24,9,3,torino,teamwork,0.573,0.816,9,7
407656,27,9,8,salerno,teamwork,0.705,0.555,6,6
936942,9,9,7,milano_tortona,solo,0.579,0.712,5,6
431458,42,9,12,napoli,solo,0.365,0.672,4,7
667372,46,9,6,bologna,meeting,0.539,0.782,19,3
473492,13,9,9,milano_tortona,teamwork,0.816,0.674,20,7
615653,12,9,2,bergamo,solo,0.599,0.709,11,2
137364,34,9,3,roma_serpenti,teamwork,0.632,0.874,15,6
590432,37,9,1,arezzo,meeting,0.416,0.938,14,5
567761,18,9,10,arezzo,teamwork,0.276,0.205,11,2
674643,27,9,3,roma_solferino,meeting,0.518,0.627,8,4
214341,29,9,1,roma_serpenti,teamwork,0.915,0.775,4,7
245512,54,9,2,salerno,solo,0.279,0.588,9,6
745303,52,9,1,torino,solo,0.855,0.846,10,4
502028,56,9,12,roma_eur,meeting,0.856,0.465,3,7
680798,40,9,7,bologna,teamwork,0.509,0.621,11,4
965303,57,9,2,arezzo,solo,0.493,0.562,3,4
850792,34,9,4,torino,teamwork,0.394,0.377,9,9
767549,37,9,2,roma_eur,teamwork,0.325,0.685,16,3
446637,24,9,1,venezia,teamwork,0.419,0.319,16,7
499497,24,9,11,milano_tortona,solo,0.819,0.570,18,5
841058,44,9,4,napoli,teamwork,0.243,0.291,10,3
823884,39,9,4,venezia,meeting,0.865,0.929,6,5
299451,40,9,8,salerno,teamwork,0.822,0.202,6,3
997298,60,9,11,roma_eur,meeting,0.730,0.867,7,9
723717,28,9,11,messina,teamwork,0.859,0.303,8,9
206696,31,9,7,bergamo,solo,0.503,0.749,3,7
714835,45,9,9,roma_solferino,solo,0.831,0.802,1,9
194840,49,9,8,pisa,meeting,0.587,0.497,3,3
306824,46,9,2,salerno,teamwork,0.353,0.348,19,3
793936,12,9,11,messina,solo,0.913,0.417,16,6
624188,28,9,8,firenze,teamwork,0.602,0.915,6,4
841663,6,9,12,roma_solferino,teamwork,0.318,0.197,18,2
799833,38,9,7,milano_tortona,meeting,0.655,0.639,19,9
498486,30,9,1,messina,meeting,0.455,0.576,3,4
121097,34,9,4,roma_eur,meeting,0.635,0.506,10,5
219506,60,9,7,salerno,meeting,0.426,0.250,6,2
815136,5,9,7,roma_solferino,teamwork,0.638,0.770,19,5
502193,25,9,11,messina,teamwork,0.550,0.853,19,2
166590,54,9,5,bergamo,meeting,0.607,0.568,16,2
713440,26,9,5,roma_serpenti,teamwork,0.313,0.813,14,4
964248,49,9,2,salerno,solo,0.304,0.810,9,4
620309,14,9,7,venezia,meeting,0.683,0.713,15,9
856440,12,9,11,roma_serpenti,teamwork,0.295,0.296,13,3
844936,4,9,8,roma_solferino,teamwork,0.469,0.955,2,4
830516,28,9,11,salerno,solo,0.593,0.351,9,7
565569,15,9,3,roma_eur,solo,0.256,0.810,3,8
416090,31,9,12,bologna,meeting,0.410,0.302,7,2
415084,47,9,11,firenze,teamwork,0.747,0.334,17,7
176364,20,9,11,salerno,solo,0.424,0.636,20,9
303660,17,9,8,roma_eur,teamwork,0.534,0.414,19,8
649828,1,9,11,bologna,meeting,0.473,0.939,5,4
506030,16,9,2,firenze,teamwork,0.706,0.533,11,4
983045,22,9,11,bergamo,meeting,0.279,0.808,3,5
209885,25,9,8,torino,teamwork,0.482,0.572,6,2
870839,25,9,6,milano_larga,meeting,0.619,0.839,6,6
450318,55,9,10,firenze,meeting,0.496,0.681,2,8
440031,15,9,8,milano_tortona,teamwork,0.560,0.814,18,4
467737,12,9,7,torino,teamwork,0.456,0.227,12,9
725529,52,9,11,roma_serpenti,meeting,0.632,0.563,6,8
988818,60,9,2,messina,teamwork,0.405,0.436,20,8
997855,21,9,10,bergamo,solo,0.790,0.512,10,4
807378,44,9,5,bologna,meeting,0.681,0.710,18,5
589794,50,9,3,napoli,teamwork,0.505,0.302,10,4
714051,28,9,8,firenze,teamwork,0.632,0.590,14,7
370238,16,9,3,bologna,solo,0.738,0.273,20,2
161398,54,9,6,torino,solo,0.880,0.446,20,7
695871,34,9,8,milano_larga,meeting,0.805,0.479,5,5
391113,4,9,2,torino,teamwork,0.811,0.287,16,6
568584,45,9,3,milano_tortona,solo,0.298,0.486,15,5
832883,2,9,6,milano_tortona,teamwork,0.612,0.636,19,5
774345,40,9,1,roma_serpenti,meeting,0.252,0.848,8,8
280866,55,9,11,milano_larga,teamwork,0.839,0.316,15,6
651535,11,9,6,bologna,meeting,0.760,0.345,10,3
612396,11,9,4,roma_solferino,teamwork,0.689,0.535,11,3
889504,16,9,7,roma_serpenti,solo,0.535,0.757,19,6
371103,18,9,2,firenze,solo,0.374,0.746,6,3
813565,36,9,12,messina,meeting,0.429,0.623,17,9
379060,28,9,2,roma_serpenti,teamwork,0.655,0.646,17,2
622905,43,9,12,roma_eur,solo,0.864,0.773,6,5
712538,20,9,8,bergamo,teamwork,0.479,0.631,4,8
548713,28,9,3,milano_tortona,teamwork,0.391,0.875,4,2
887873,27,9,10,firenze,solo,0.410,0.600,14,7
246740,13,9,5,messina,solo,0.819,0.901,3,5
962095,12,9,11,venezia,meeting,0.651,0.827,1,4
660519,4,9,9,firenze,teamwork,0.837,0.801,10,7
635576,44,10,10,arezzo,solo,0.440,0.954,6,6
653652,60,10,12,milano_larga,teamwork,0.426,0.798,9,4
977049,41,10,11,bergamo,teamwork,0.607,0.853,16,6
989641,53,10,2,pisa,teamwork,0.708,0.546,12,8
236749,59,10,11,roma_serpenti,teamwork,0.771,0.728,11,6
742719,60,10,6,pisa,meeting,0.618,0.630,12,5
234282,24,10,8,pisa,teamwork,0.758,0.587,13,5
565270,47,10,9,firenze,meeting,0.900,0.600,6,5
383851,43,10,2,bologna,meeting,0.573,0.661,6,3
284976,34,10,5,bologna,teamwork,0.845,0.271,10,2
396406,11,10,12,arezzo,teamwork,0.518,0.835,9,8
392460,30,10,2,roma_solferino,meeting,0.480,0.485,11,7
908040,40,10,2,roma_solferino,teamwork,0.909,0.624,11,2
652991,42,10,9,roma_eur,solo,0.413,0.954,14,2
215074,2,10,3,bologna,meeting,0.530,0.633,5,2
415303,26,10,4,bologna,teamwork,0.542,0.362,9,7
473688,38,10,2,venezia,teamwork,0.598,0.693,10,8
886648,52,10,4,roma_eur,solo,0.374,0.782,6,8
936824,16,10,8,roma_serpenti,solo,0.507,0.344,16,7
933126,44,10,4,bologna,meeting,0.517,0.255,18,4
155858,50,10,7,arezzo,meeting,0.315,0.610,15,2
631351,11,10,5,bologna,teamwork,0.868,0.955,6,5
401029,59,10,7,napoli,teamwork,0.638,0.636,5,8
204743,59,10,10,messina,meeting,0.385,0.285,4,4
292681,24,10,3,torino,teamwork,0.444,0.352,20,2
350483,56,10,12,roma_eur,solo,0.727,0.592,16,3
280254,13,10,9,arezzo,meeting,0.842,0.702,17,6
964579,50,10,12,firenze,teamwork,0.725,0.786,17,4
849680,11,10,12,napoli,teamwork,0.814,0.906,2,2
447320,47,10,1,roma_eur,solo,0.919,0.533,17,4
876242,12,10,2,firenze,solo,0.693,0.731,15,2
539685,29,10,5,roma_eur,meeting,0.684,0.600,15,3
580536,54,10,7,roma_eur,teamwork,0.873,0.389,5,4
838098,9,10,12,firenze,solo,0.554,0.458,7,6
392730,46,10,5,pisa,teamwork,0.690,0.233,2,2
381902,23,10,2,firenze,meeting,0.746,0.508,17,7
400654,16,10,1,arezzo,teamwork,0.351,0.801,2,9
518513,28,10,9,messina,meeting,0.521,0.310,10,4
445290,9,10,7,bergamo,teamwork,0.478,0.248,9,3
420860,21,10,11,bologna,solo,0.779,0.324,15,2
794386,58,10,7,pisa,meeting,0.614,0.218,16,9
658616,28,10,8,milano_tortona,meeting,0.903,0.947,18,8
563306,18,10,12,messina,teamwork,0.809,0.261,7,6
665280,51,10,9,arezzo,teamwork,0.453,0.290,20,2
737756,2,10,9,arezzo,meeting,0.886,0.569,9,9
437152,16,10,8,roma_eur,teamwork,0.646,0.572,5,8
620166,14,10,6,bergamo,solo,0.914,0.300,1,4
973962,5,10,12,milano_tortona,meeting,0.661,0.591,16,4
524440,15,10,1,messina,teamwork,0.267,0.193,8,5
199780,47,10,12,torino,teamwork,0.924,0.689,8,3
688484,14,10,1,milano_larga,solo,0.457,0.253,20,5
252239,10,10,9,bologna,solo,0.712,0.746,1,3
913796,13,10,11,messina,meeting,0.886,0.271,18,7
617822,25,10,8,roma_serpenti,teamwork,0.297,0.781,11,7
334124,49,10,3,messina,meeting,0.239,0.445,14,7
226090,9,10,5,roma_serpenti,meeting,0.498,0.592,6,4
386867,25,10,6,messina,teamwork,0.615,0.838,4,7
446697,56,10,7,arezzo,teamwork,0.788,0.459,10,6
780255,11,10,3,roma_solferino,meeting,0.401,0.428,14,3
712093,24,10,6,salerno,teamwork,0.883,0.335,5,3
734182,19,10,2,salerno,solo,0.511,0.213,4,3
620560,17,10,1,milano_tortona,meeting,0.860,0.455,18,5
449808,18,10,8,napoli,teamwork,0.740,0.352,20,5
728452,58,10,4,salerno,teamwork,0.687,0.201,17,6
338215,15,10,4,pisa,solo,0.303,0.635,6,4
657033,45,10,3,roma_solferino,solo,0.665,0.894,11,8
211449,48,10,5,arezzo,meeting,0.665,0.236,15,9
522742,57,10,8,bologna,teamwork,0.932,0.807,1,7
859150,22,10,4,firenze,solo,0.595,0.760,1,9
945809,31,10,8,venezia,teamwork,0.630,0.471,3,4
137914,57,10,2,arezzo,meeting,0.471,0.456,9,8
206691,39,10,10,torino,teamwork,0.664,0.475,15,7
267152,42,10,6,pisa,meeting,0.311,0.599,5,3
156512,39,10,10,roma_solferino,teamwork,0.820,0.838,4,8
491344,58,10,2,arezzo,solo,0.553,0.636,2,3
286246,6,10,10,milano_larga,solo,0.350,0.420,20,5
391358,53,10,9,messina,meeting,0.354,0.294,1,8
241641,31,10,11,roma_solferino,teamwork,0.238,0.616,19,4
902575,26,10,1,bologna,solo,0.385,0.721,8,6
934563,36,10,9,venezia,teamwork,0.486,0.802,15,9
804625,47,10,6,roma_serpenti,teamwork,0.255,0.587,20,7
843161,22,10,3,salerno,solo,0.580,0.775,4,4
878987,20,10,8,salerno,teamwork,0.572,0.670,3,2
958606,21,10,8,milano_tortona,meeting,0.325,0.587,8,9
970203,10,10,3,milano_larga,teamwork,0.620,0.830,7,2
490758,3,10,7,pisa,meeting,0.510,0.664,11,3
433409,35,10,4,arezzo,teamwork,0.924,0.333,10,3
705744,59,10,1,bologna,solo,0.250,0.747,8,3
880081,1,10,12,arezzo,solo,0.277,0.917,10,5
791721,1,10,1,torino,meeting,0.309,0.714,13,2
594107,13,10,7,firenze,teamwork,0.685,0.652,18,9
331062,55,10,7,firenze,solo,0.443,0.488,12,5
185903,8,10,9,milano_larga,teamwork,0.291,0.266,5,4
486716,25,10,7,bologna,teamwork,0.816,0.527,1,7
171886,22,10,5,torino,solo,0.265,0.480,16,7
847445,12,10,9,salerno,meeting,0.914,0.567,4,9
402361,44,10,5,salerno,teamwork,0.261,0.843,14,4
945593,34,10,1,milano_larga,solo,0.381,0.978,11,5
330744,24,10,12,torino,teamwork,0.326,0.667,7,4
516967,59,10,7,pisa,teamwork,0.425,0.431,18,2
639035,4,10,2,pisa,meeting,0.500,0.850,9,5
930432,22,10,10,torino,teamwork,0.439,0.577,16,9
142063,58,10,6,roma_serpenti,solo,0.813,0.933,2,8
851933,30,10,7,bergamo,teamwork,0.764,0.377,15,7
128065,25,10,1,roma_solferino,meeting,0.805,0.239,12,3
845941,29,10,6,milano_larga,teamwork,0.474,0.317,11,3
182649,12,10,6,messina,meeting,0.364,0.511,10,4
455052,44,10,1,roma_eur,teamwork,0.833,0.228,14,6
403908,57,10,2,milano_tortona,solo,0.410,0.558,14,6
498837,24,10,6,messina,solo,0.241,0.313,3,4
986896,16,10,8,milano_larga,meeting,0.772,0.302,3,3
187636,10,10,7,roma_serpenti,teamwork,0.531,0.585,9,4
777745,6,10,12,pisa,solo,0.833,0.725,18,6
878466,27,11,11,salerno,teamwork,0.505,0.438,2,6
492552,31,11,10,venezia,teamwork,0.342,0.972,10,5
184244,8,11,2,arezzo,solo,0.464,0.489,9,6
502433,46,11,9,roma_eur,meeting,0.777,0.197,15,2
124277,49,11,8,bologna,teamwork,0.913,0.876,13,7
722215,35,11,5,arezzo,teamwork,0.703,0.354,5,5
898786,39,11,12,salerno,solo,0.534,0.641,13,9
160645,9,11,8,napoli,solo,0.600,0.362,9,6
730894,29,11,7,venezia,meeting,0.507,0.389,19,3
611904,40,11,6,venezia,teamwork,0.834,0.649,7,4
211231,50,11,2,messina,solo,0.436,0.467,16,4
653538,49,11,12,pisa,teamwork,0.455,0.907,3,2
315487,8,11,3,roma_solferino,meeting,0.755,0.495,6,6
132985,24,11,8,napoli,teamwork,0.532,0.824,12,9
505765,8,11,5,bologna,meeting,0.340,0.819,17,9
234611,26,11,9,bergamo,teamwork,0.413,0.690,8,4
377793,51,11,11,salerno,solo,0.759,0.681,2,5
212139,28,11,11,milano_larga,solo,0.396,0.779,3,9
838667,53,11,6,roma_serpenti,meeting,0.245,0.240,7,4
850521,55,11,2,roma_solferino,teamwork,0.522,0.361,15,6
405189,44,11,9,pisa,solo,0.269,0.608,4,2
342025,17,11,11,roma_eur,teamwork,0.425,0.942,20,6
701163,42,11,11,salerno,teamwork,0.479,0.708,4,9
850463,17,11,7,milano_tortona,meeting,0.911,0.670,15,9
116153,42,11,10,bologna,meeting,0.512,0.670,1,3
569154,23,11,7,bologna,teamwork,0.910,0.530,20,2
615145,31,11,5,pisa,teamwork,0.585,0.813,9,4
851581,34,11,2,roma_serpenti,meeting,0.903,0.366,5,5
899843,2,11,3,arezzo,teamwork,0.497,0.491,2,7
849437,39,11,9,milano_larga,solo,0.931,0.652,6,8
315188,32,11,4,messina,meeting,0.386,0.263,4,5
958754,55,11,3,arezzo,teamwork,0.517,0.403,15,5
402661,10,11,10,roma_serpenti,teamwork,0.699,0.765,6,9
600313,15,11,8,messina,solo,0.460,0.635,1,6
851597,29,11,2,torino,solo,0.294,0.752,12,3
922597,8,11,2,napoli,meeting,0.903,0.550,11,9
788150,34,11,11,salerno,meeting,0.743,0.274,11,6
267486,44,11,4,bologna,meeting,0.664,0.947,9,4
711629,15,11,2,roma_serpenti,teamwork,0.261,0.441,4,4
500116,37,11,9,salerno,teamwork,0.729,0.652,3,8
728914,50,11,6,firenze,meeting,0.484,0.577,13,6
881269,60,11,4,bergamo,teamwork,0.553,0.899,2,9
952209,33,11,8,napoli,solo,0.564,0.764,4,9
545734,38,11,1,venezia,meeting,0.828,0.793,11,2
637526,51,11,10,firenze,teamwork,0.376,0.909,14,8
922241,44,11,8,milano_tortona,teamwork,0.783,0.305,9,4
635024,53,11,8,venezia,solo,0.917,0.468,14,3
274784,31,11,10,venezia,solo,0.376,0.896,20,8
115970,52,11,11,arezzo,meeting,0.666,0.393,2,8
887515,22,11,11,firenze,teamwork,0.658,0.601,10,9
162412,51,11,1,firenze,solo,0.685,0.279,10,3
491560,1,11,10,napoli,teamwork,0.739,0.417,1,3
828664,36,11,11,venezia,meeting,0.281,0.495,11,8
369879,17,11,2,venezia,teamwork,0.713,0.900,11,4
720829,28,11,7,salerno,meeting,0.727,0.825,8,2
930421,3,11,9,bergamo,teamwork,0.467,0.456,10,8
332181,17,11,4,roma_eur,solo,0.263,0.959,20,9
195364,9,11,3,firenze,solo,0.810,0.275,14,7
551663,2,11,11,messina,meeting,0.924,0.403,11,3
640483,43,11,1,pisa,teamwork,0.338,0.707,6,3
143757,1,11,1,pisa,solo,0.433,0.318,7,6
487564,38,11,1,bologna,teamwork,0.560,0.827,15,6
288555,37,11,8,bergamo,teamwork,0.790,0.329,2,5
933632,54,11,6,milano_tortona,teamwork,0.589,0.906,7,3
258788,46,11,7,roma_serpenti,solo,0.744,0.954,7,5
449984,56,11,4,bologna,teamwork,0.344,0.775,8,4
505949,35,11,6,salerno,meeting,0.862,0.623,18,7
828220,39,11,5,venezia,teamwork,0.289,0.259,16,5
270215,32,11,3,messina,meeting,0.331,0.681,7,3
281361,58,11,7,salerno,teamwork,0.517,0.518,16,5
335510,54,11,10,messina,solo,0.501,0.462,17,7
716412,4,11,4,pisa,solo,0.608,0.594,15,2
984110,33,11,2,milano_tortona,meeting,0.444,0.762,1,5
203854,35,11,6,venezia,teamwork,0.843,0.265,5,8
638647,1,11,11,firenze,solo,0.922,0.905,6,7
776664,51,11,7,roma_serpenti,teamwork,0.277,0.839,16,9
246911,36,11,1,roma_solferino,teamwork,0.370,0.766,13,2
233073,51,11,8,torino,meeting,0.532,0.698,16,2
515588,28,11,9,venezia,meeting,0.734,0.401,14,9
249526,20,11,12,arezzo,meeting,0.387,0.744,14,2
749302,26,11,3,venezia,meeting,0.388,0.469,4,5
907229,2,11,7,bologna,teamwork,0.845,0.896,7,7
420177,43,11,9,messina,teamwork,0.369,0.282,10,8
405967,47,11,7,napoli,meeting,0.752,0.546,6,5
114468,2,11,5,messina,teamwork,0.255,0.251,20,4
752826,49,11,10,arezzo,solo,0.714,0.324,11,2
310840,24,11,7,messina,meeting,0.927,0.202,19,6
120986,38,11,11,bergamo,teamwork,0.846,0.764,8,5
906593,10,11,4,venezia,teamwork,0.654,0.845,6,9
348292,50,11,12,messina,solo,0.663,0.608,1,4
219234,9,11,2,firenze,solo,0.430,0.807,20,2
807065,11,11,5,roma_eur,meeting,0.547,0.630,14,5
740250,60,11,7,torino,teamwork,0.538,0.278,8,9
351781,23,11,1,firenze,solo,0.570,0.513,5,5
286698,3,11,9,bergamo,teamwork,0.773,0.466,1,3
499601,36,11,11,roma_eur,meeting,0.359,0.366,15,4
744705,21,11,8,firenze,teamwork,0.482,0.499,19,8
862857,6,11,10,milano_tortona,meeting,0.831,0.869,13,2
948266,29,11,6,arezzo,teamwork,0.742,0.386,1,7
947365,36,11,2,messina,meeting,0.434,0.233,9,8
876450,36,11,8,pisa,meeting,0.577,0.949,17,8
921433,45,11,2,roma_eur,teamwork,0.404,0.342,5,2
143032,6,11,12,salerno,teamwork,0.870,0.524,8,6
776713,15,11,3,messina,meeting,0.482,0.376,11,4
590557,13,11,12,napoli,teamwork,0.338,0.906,2,3
472371,25,11,2,venezia,solo,0.433,0.535,11,3
677407,29,11,12,roma_solferino,meeting,0.673,0.352,14,7
460149,56,11,1,venezia,teamwork,0.853,0.602,18,2
138212,7,11,8,roma_solferino,teamwork,0.481,0.339,15,5
278592,24,11,6,roma_serpenti,solo,0.817,0.859,12,5
727798,54,11,8,arezzo,solo,0.384,0.464,19,6
379883,53,11,5,roma_eur,meeting,0.445,0.705,8,5
193344,55,11,1,arezzo,teamwork,0.485,0.730,8,3
539661,50,11,1,roma_solferino,solo,0.498,0.757,19,2
252606,17,11,1,roma_eur,teamwork,0.284,0.792,4,8
326487,50,11,1,pisa,meeting,0.588,0.253,5,3
886027,20,11,3,torino,teamwork,0.408,0.614,8,9
530520,48,11,3,arezzo,meeting,0.303,0.696,16,2
417972,3,11,9,venezia,teamwork,0.311,0.332,9,8
594002,21,11,11,salerno,solo,0.468,0.613,11,3
895985,60,11,10,firenze,solo,0.550,0.412,1,2
121168,39,11,2,roma_eur,meeting,0.917,0.391,9,4
348712,42,11,3,messina,teamwork,0.360,0.500,11,8
900637,30,11,12,milano_larga,solo,0.461,0.659,12,8
656025,17,11,11,arezzo,teamwork,0.310,0.346,14,3
238887,6,11,3,milano_larga,teamwork,0.645,0.273,18,4
293166,58,11,5,messina,solo,0.277,0.244,20,7
842207,34,11,5,messina,solo,0.373,0.661,3,2
400635,30,11,4,roma_eur,meeting,0.808,0.816,11,4
333380,21,11,6,bologna,teamwork,0.235,0.900,19,4
678543,27,11,3,roma_serpenti,solo,0.326,0.855,13,9
160018,2,12,5,napoli,teamwork,0.697,0.401,12,3
929649,16,12,8,bologna,teamwork,0.891,0.806,20,9
250122,52,12,6,venezia,teamwork,0.247,0.851,4,6
141318,38,12,6,bergamo,teamwork,0.791,0.445,4,6
362406,33,12,2,roma_serpenti,meeting,0.730,0.791,11,7
677698,14,12,8,milano_larga,teamwork,0.566,0.782,4,2
311947,20,12,1,pisa,meeting,0.239,0.693,5,5
589601,37,12,10,roma_serpenti,meeting,0.400,0.629,2,4
848299,53,12,8,pisa,teamwork,0.882,0.665,19,2
650840,37,12,8,torino,teamwork,0.592,0.672,6,7
324404,45,12,9,salerno,meeting,0.544,0.923,13,5
402475,54,12,10,roma_serpenti,teamwork,0.306,0.964,3,3
899012,42,12,8,bergamo,solo,0.570,0.212,1,5
476258,39,12,10,firenze,meeting,0.338,0.344,14,3
685733,50,12,11,torino,teamwork,0.410,0.301,7,7
234333,45,12,7,bologna,teamwork,0.667,0.343,7,3
385241,39,12,3,napoli,solo,0.524,0.639,10,9
511439,49,12,7,bergamo,solo,0.650,0.843,16,7
477609,48,12,10,roma_serpenti,meeting,0.615,0.630,4,4
713428,55,12,12,pisa,meeting,0.732,0.670,2,9
955569,21,12,11,napoli,teamwork,0.386,0.682,11,9
159004,32,12,12,firenze,teamwork,0.582,0.770,13,4
114175,48,12,8,torino,meeting,0.299,0.549,11,9
407253,30,12,3,venezia,teamwork,0.302,0.272,18,7
627251,10,12,8,pisa,solo,0.254,0.298,2,4
786824,8,12,12,venezia,meeting,0.483,0.897,3,6
154181,2,12,8,milano_tortona,teamwork,0.784,0.409,10,8
241337,40,12,7,bergamo,teamwork,0.609,0.865,10,4
726511,49,12,5,roma_serpenti,solo,0.795,0.534,14,7
199634,7,12,2,napoli,solo,0.686,0.781,2,8
731399,31,12,9,bergamo,meeting,0.335,0.781,20,7
272781,36,12,5,roma_eur,teamwork,0.433,0.572,14,6
343442,29,12,6,firenze,solo,0.259,0.435,3,8
695001,27,12,5,venezia,teamwork,0.665,0.562,5,2
430510,38,12,3,messina,meeting,0.737,0.522,8,8
947821,56,12,6,messina,teamwork,0.646,0.407,19,3
759660,4,12,5,bergamo,meeting,0.841,0.959,13,9
451883,4,12,6,pisa,teamwork,0.875,0.963,3,4
560099,44,12,3,roma_eur,solo,0.554,0.601,20,9
836859,24,12,11,bologna,meeting,0.481,0.455,20,8
555130,6,12,10,salerno,meeting,0.595,0.574,7,5
780665,39,12,10,messina,teamwork,0.402,0.533,20,6
692018,13,12,10,salerno,teamwork,0.286,0.544,19,4
516232,19,12,5,napoli,meeting,0.573,0.823,16,3
130628,19,12,8,torino,teamwork,0.413,0.745,11,7
382573,29,12,3,torino,solo,0.657,0.469,3,2
729087,6,12,2,roma_serpenti,meeting,0.287,0.900,10,6
983279,54,12,1,arezzo,teamwork,0.445,0.788,1,7
289351,58,12,1,milano_tortona,teamwork,0.874,0.430,17,6
145819,24,12,6,bergamo,solo,0.773,0.903,4,5
904566,57,12,9,roma_eur,solo,0.483,0.202,11,5
643353,20,12,10,firenze,meeting,0.656,0.733,10,3
547592,22,12,9,bologna,teamwork,0.914,0.399,17,2
236206,49,12,5,roma_eur,meeting,0.868,0.392,3,7
996568,2,12,6,roma_serpenti,meeting,0.535,0.545,16,2
697981,21,12,6,roma_serpenti,teamwork,0.770,0.219,4,4
746774,5,12,9,milano_tortona,teamwork,0.356,0.305,15,8
784967,56,12,5,messina,meeting,0.304,0.599,15,9
386391,13,12,1,pisa,teamwork,0.273,0.905,7,8
665297,18,12,4,roma_eur,solo,0.388,0.842,11,6
948455,14,12,12,milano_larga,meeting,0.852,0.973,16,2
802500,37,12,12,roma_serpenti,teamwork,0.459,0.646,8,9
382376,51,12,5,roma_serpenti,teamwork,0.791,0.604,1,9
590991,59,12,8,napoli,solo,0.664,0.517,10,2
967545,25,12,1,milano_larga,solo,0.445,0.821,4,4
187130,25,12,11,napoli,meeting,0.809,0.379,4,6
549088,57,12,7,messina,teamwork,0.583,0.572,12,4
665519,13,12,9,messina,solo,0.450,0.452,5,7
753917,36,12,2,milano_tortona,teamwork,0.855,0.730,4,8
164571,28,12,5,roma_eur,meeting,0.277,0.263,19,4
190857,24,12,3,bergamo,teamwork,0.338,0.959,10,7
384471,34,12,11,roma_solferino,meeting,0.501,0.375,19,7
566671,54,12,8,roma_serpenti,teamwork,0.578,0.914,9,7
143485,38,12,6,pisa,solo,0.274,0.701,4,4
336425,49,12,12,venezia,solo,0.241,0.221,7,8
558884,43,12,3,firenze,meeting,0.253,0.832,9,7
716818,38,12,5,roma_serpenti,teamwork,0.264,0.314,10,6
600180,31,12,6,torino,solo,0.240,0.860,14,8
392698,17,12,11,milano_larga,teamwork,0.244,0.674,4,7
641058,30,12,11,pisa,teamwork,0.496,0.695,2,5
330252,20,12,11,pisa,solo,0.624,0.500,13,4
683992,58,12,11,salerno,teamwork,0.425,0.414,15,9
615135,40,12,4,roma_serpenti,meeting,0.347,0.927,19,5
458098,19,12,9,milano_tortona,teamwork,0.622,0.314,13,6
430309,14,12,9,roma_serpenti,meeting,0.541,0.627,11,5
801294,17,12,1,roma_solferino,teamwork,0.908,0.208,2,9
794531,22,12,12,bologna,solo,0.490,0.935,12,8
761477,17,12,11,torino,solo,0.551,0.882,15,3
532083,55,12,11,venezia,meeting,0.559,0.590,13,6
522120,60,12,8,napoli,teamwork,0.591,0.725,2,7
861545,35,12,2,milano_larga,solo,0.750,0.480,8,6
341042,12,12,3,milano_tortona,teamwork,0.659,0.294,14,5
289483,56,12,4,messina,teamwork,0.458,0.489,12,5
986076,38,12,5,milano_tortona,solo,0.892,0.615,11,9
463449,11,12,11,firenze,meeting,0.426,0.519,6,8
617357,49,12,4,arezzo,teamwork,0.445,0.876,1,7
325006,31,12,3,milano_larga,solo,0.455,0.902,10,4
719324,20,12,9,messina,teamwork,0.622,0.771,10,7
476945,58,12,10,bergamo,teamwork,0.921,0.709,7,3
904105,46,12,6,roma_solferino,meeting,0.930,0.299,17,5
779817,12,12,4,arezzo,teamwork,0.254,0.334,2,3
269983,50,12,12,pisa,solo,0.299,0.899,11,7
600784,7,12,11,salerno,teamwork,0.330,0.441,6,9
374041,35,12,9,torino,meeting,0.505,0.276,14,8
517154,2,12,8,milano_larga,teamwork,0.250,0.496,8,9
708508,33,12,1,napoli,meeting,0.868,0.374,1,7
160376,25,12,11,torino,teamwork,0.528,0.604,12,5
904257,13,12,8,bologna,solo,0.862,0.568,20,9
245349,13,12,2,bergamo,solo,0.572,0.742,4,9
676783,27,12,3,milano_tortona,meeting,0.525,0.515,15,5
180027,37,12,9,roma_serpenti,teamwork,0.815,0.790,7,6
496925,26,12,7,roma_serpenti,solo,0.428,0.820,13,3
750517,31,12,4,milano_larga,teamwork,0.870,0.766,5,5
263452,36,12,2,salerno,teamwork,0.247,0.697,1,8
219332,20,12,5,milano_tortona,solo,0.509,0.481,18,2
593466,24,13,1,pisa,meeting,0.741,0.635,19,4
299002,38,13,11,milano_larga,teamwork,0.746,0.888,13,8
126520,24,13,7,arezzo,teamwork,0.667,0.275,17,9
581776,11,13,6,roma_solferino,solo,0.570,0.500,6,3
573113,1,13,5,napoli,solo,0.236,0.526,3,3
198339,25,13,6,roma_eur,meeting,0.344,0.301,1,2
129430,19,13,12,milano_tortona,teamwork,0.343,0.645,8,3
266346,47,13,4,firenze,solo,0.308,0.623,13,9
306159,5,13,10,milano_larga,teamwork,0.347,0.706,2,6
258181,26,13,5,roma_solferino,meeting,0.643,0.265,16,4
480835,55,13,8,pisa,teamwork,0.865,0.635,10,6
765693,5,13,6,milano_tortona,meeting,0.715,0.614,3,7
557512,55,13,12,torino,teamwork,0.343,0.486,3,2
962391,38,13,5,bologna,solo,0.247,0.579,3,7
891205,46,13,6,messina,solo,0.572,0.583,12,9
173326,24,13,9,napoli,meeting,0.312,0.748,15,8
876218,36,13,5,salerno,teamwork,0.530,0.774,7,9
903886,7,13,12,torino,solo,0.727,0.283,13,9
535663,36,13,6,milano_tortona,teamwork,0.631,0.570,12,3
186307,58,13,10,venezia,teamwork,0.897,0.914,9,3
858785,8,13,3,milano_tortona,meeting,0.422,0.681,6,3
368248,43,13,1,roma_solferino,meeting,0.929,0.484,1,5
541393,27,13,11,arezzo,teamwork,0.695,0.819,5,4
774858,10,13,5,roma_serpenti,teamwork,0.537,0.914,9,3
936400,32,13,5,napoli,meeting,0.798,0.901,13,9
335129,47,13,4,torino,teamwork,0.890,0.505,17,9
796743,38,13,6,roma_solferino,solo,0.488,0.435,12,3
675834,3,13,10,bologna,meeting,0.452,0.702,8,7
948874,13,13,12,salerno,teamwork,0.613,0.658,12,8
154320,9,13,9,roma_solferino,teamwork,0.564,0.276,20,5
611441,2,13,9,bologna,solo,0.903,0.487,8,7
538032,6,13,7,milano_larga,solo,0.281,0.932,15,4
849620,34,13,7,milano_tortona,meeting,0.629,0.258,11,7
373186,27,13,6,messina,meeting,0.583,0.200,17,9
126771,59,13,1,roma_solferino,meeting,0.613,0.516,17,4
422237,18,13,3,bologna,teamwork,0.777,0.328,7,9
166386,8,13,10,roma_eur,teamwork,0.685,0.278,6,7
853147,42,13,9,roma_solferino,meeting,0.414,0.545,12,2
407673,37,13,12,torino,teamwork,0.619,0.785,12,8
882645,5,13,11,firenze,solo,0.708,0.703,17,6
779927,59,13,6,torino,meeting,0.322,0.277,4,2
810545,28,13,10,bergamo,teamwork,0.309,0.947,15,8
463173,24,13,5,bergamo,teamwork,0.245,0.832,3,5
311666,10,13,5,milano_tortona,solo,0.539,0.682,18,3
398180,17,13,8,venezia,solo,0.750,0.549,20,5
557961,42,13,3,venezia,meeting,0.722,0.916,5,2
525275,10,13,10,firenze,teamwork,0.462,0.705,5,9
155583,59,13,9,milano_larga,solo,0.627,0.398,15,3
846396,18,13,2,roma_eur,teamwork,0.487,0.744,3,9
601977,39,13,10,messina,meeting,0.607,0.193,15,5
639528,9,13,3,bologna,teamwork,0.858,0.738,7,9
669397,18,13,11,firenze,meeting,0.459,0.726,13,9
574103,47,13,1,arezzo,teamwork,0.693,0.318,9,4
632074,35,13,1,torino,solo,0.410,0.958,12,8
466321,55,13,9,salerno,solo,0.527,0.842,9,6
551468,27,13,6,bergamo,meeting,0.648,0.785,10,8
316467,15,13,9,roma_serpenti,teamwork,0.408,0.685,2,4
566935,25,13,11,arezzo,solo,0.433,0.807,6,7
760199,37,13,6,torino,teamwork,0.330,0.782,8,2
527921,50,13,7,firenze,teamwork,0.666,0.298,12,2
601460,37,13,1,napoli,teamwork,0.928,0.572,19,9
608146,12,13,1,napoli,solo,0.700,0.225,17,7
982247,23,13,11,venezia,teamwork,0.579,0.775,20,8
628542,35,13,5,milano_larga,meeting,0.628,0.460,4,9
550574,16,13,10,roma_solferino,teamwork,0.691,0.518,6,7
386267,38,13,12,firenze,meeting,0.916,0.550,17,7
812190,9,13,3,milano_tortona,teamwork,0.415,0.472,8,3
318280,22,13,4,milano_larga,solo,0.791,0.342,13,8
441911,49,13,4,roma_serpenti,solo,0.892,0.191,17,7
596134,6,13,9,milano_larga,meeting,0.811,0.427,20,2
399643,22,13,9,bologna,teamwork,0.664,0.920,1,6
186433,45,13,9,salerno,solo,0.726,0.557,10,2
428080,48,13,8,milano_tortona,teamwork,0.749,0.238,8,9
967622,46,13,9,bergamo,teamwork,0.658,0.776,2,5
136883,44,13,10,torino,meeting,0.654,0.584,20,2
337293,39,13,7,milano_larga,meeting,0.320,0.266,1,8
285382,30,13,2,milano_tortona,meeting,0.293,0.259,17,2
367903,17,13,1,salerno,meeting,0.786,0.847,17,4
739193,11,13,12,bergamo,teamwork,0.357,0.956,8,9
185334,54,13,12,firenze,teamwork,0.759,0.741,13,9
642475,54,13,8,messina,meeting,0.585,0.459,6,2
802573,41,13,8,roma_serpenti,teamwork,0.442,0.230,20,7
226816,22,13,8,napoli,solo,0.727,0.869,13,6
691108,39,13,9,milano_larga,meeting,0.416,0.345,2,3
320388,60,13,6,milano_larga,teamwork,0.621,0.627,20,2
827206,10,13,2,firenze,teamwork,0.721,0.919,9,5
557669,16,13,12,bologna,solo,0.874,0.874,2,4
268565,18,13,11,pisa,solo,0.309,0.413,7,3
320618,32,13,11,roma_eur,meeting,0.918,0.480,13,8
543733,18,13,4,roma_serpenti,teamwork,0.748,0.421,13,7
556054,38,13,3,venezia,solo,0.578,0.353,6,3
243014,49,13,11,firenze,teamwork,0.657,0.314,18,7
423257,56,13,11,roma_solferino,meeting,0.797,0.765,10,5
126171,47,13,9,firenze,teamwork,0.813,0.303,15,3
850004,20,13,3,milano_larga,meeting,0.429,0.900,12,4
842361,38,13,11,torino,teamwork,0.517,0.893,17,8
394901,57,13,9,firenze,meeting,0.842,0.883,1,8
773578,26,13,2,messina,meeting,0.810,0.837,4,2
216654,9,13,3,napoli,teamwork,0.727,0.912,8,3
933766,35,13,2,venezia,teamwork,0.411,0.303,3,5
317740,19,13,7,venezia,meeting,0.341,0.730,20,8
251534,4,13,8,bologna,teamwork,0.586,0.253,6,7
373377,4,13,3,milano_tortona,solo,0.607,0.342,14,4
871091,35,13,4,napoli,meeting,0.580,0.307,16,9
579119,26,13,3,salerno,teamwork,0.768,0.751,15,3
722963,31,13,5,roma_solferino,teamwork,0.518,0.483,15,3
679250,40,13,9,bergamo,solo,0.796,0.250,8,5
919631,20,13,9,venezia,solo,0.618,0.905,16,8
610715,22,13,1,torino,meeting,0.381,0.489,6,4
244161,31,13,2,pisa,teamwork,0.866,0.417,7,2
121062,38,13,4,salerno,solo,0.797,0.787,10,3
171514,32,13,1,roma_serpenti,teamwork,0.384,0.933,3,6
666309,35,13,1,bologna,meeting,0.754,0.629,13,9
223240,44,13,8,salerno,teamwork,0.575,0.909,15,6
924806,4,13,4,bologna,meeting,0.828,0.942,17,6
360396,47,13,8,salerno,teamwork,0.708,0.339,3,3
528306,9,13,7,napoli,solo,0.779,0.200,10,6
212693,42,13,11,milano_larga,solo,0.552,0.562,11,4
788075,38,13,4,roma_solferino,meeting,0.846,0.837,2,9
598942,43,13,2,salerno,teamwork,0.571,0.497,14,2
447639,32,13,12,arezzo,solo,0.248,0.931,20,6
565516,51,13,9,salerno,teamwork,0.424,0.912,1,8
682555,28,13,9,firenze,teamwork,0.520,0.347,10,5
444166,28,14,7,roma_solferino,solo,0.481,0.960,3,8
520243,2,14,6,arezzo,solo,0.569,0.483,11,2
148231,45,14,2,roma_serpenti,meeting,0.872,0.431,5,2
122389,9,14,4,firenze,teamwork,0.741,0.900,1,3
549358,20,14,4,firenze,solo,0.618,0.596,7,9
497667,11,14,2,bergamo,teamwork,0.678,0.227,3,7
391342,48,14,4,roma_serpenti,teamwork,0.925,0.870,13,5
553810,47,14,3,bergamo,teamwork,0.293,0.409,7,9
593410,60,14,2,napoli,teamwork,0.426,0.604,5,8
473459,26,14,1,pisa,meeting,0.677,0.383,12,6
944971,14,14,4,arezzo,teamwork,0.450,0.589,12,8
326555,14,14,2,roma_eur,meeting,0.797,0.249,1,4
326501,11,14,9,roma_serpenti,meeting,0.889,0.492,2,8
154337,19,14,8,salerno,teamwork,0.519,0.755,18,5
489185,35,14,3,arezzo,teamwork,0.549,0.256,6,7
847245,4,14,1,milano_larga,meeting,0.625,0.918,8,8
235818,49,14,7,pisa,teamwork,0.604,0.972,2,5
755631,50,14,1,bergamo,solo,0.860,0.889,4,4
149555,50,14,11,arezzo,meeting,0.762,0.883,15,6
725911,2,14,6,milano_tortona,teamwork,0.686,0.885,13,4
273673,43,14,8,napoli,teamwork,0.371,0.886,5,3
629136,41,14,4,firenze,solo,0.771,0.655,14,8
742587,52,14,3,milano_larga,solo,0.604,0.705,8,4
390037,38,14,12,roma_serpenti,meeting,0.450,0.926,13,4
722573,42,14,12,torino,meeting,0.902,0.514,7,5
730801,51,14,5,napoli,teamwork,0.416,0.368,8,4
748163,18,14,8,roma_serpenti,teamwork,0.747,0.605,5,3
833162,58,14,3,roma_eur,meeting,0.580,0.700,5,2
341050,49,14,11,roma_serpenti,teamwork,0.538,0.781,16,9
781165,29,14,3,venezia,solo,0.496,0.506,16,8
620759,6,14,11,arezzo,meeting,0.784,0.244,14,4
995114,53,14,1,roma_eur,teamwork,0.457,0.410,19,6
792212,21,14,12,milano_tortona,teamwork,0.783,0.365,12,7
441904,11,14,11,milano_tortona,solo,0.550,0.904,6,6
582724,41,14,1,venezia,solo,0.650,0.408,13,2
162934,17,14,7,roma_serpenti,meeting,0.790,0.657,3,9
375537,24,14,5,roma_solferino,teamwork,0.704,0.626,10,8
912601,36,14,8,napoli,solo,0.289,0.345,12,7
659224,5,14,7,torino,teamwork,0.493,0.907,14,6
715313,58,14,12,bologna,meeting,0.519,0.909,17,4
824005,11,14,11,roma_solferino,teamwork,0.510,0.393,17,5
526269,22,14,11,roma_eur,meeting,0.484,0.192,9,7
935701,3,14,12,venezia,teamwork,0.777,0.531,12,2
377137,7,14,9,messina,solo,0.797,0.722,2,6
892716,23,14,6,milano_tortona,meeting,0.401,0.802,9,8
513084,48,14,7,venezia,meeting,0.401,0.839,5,8
683770,12,14,4,venezia,teamwork,0.240,0.924,19,9
991252,5,14,3,milano_tortona,teamwork,0.465,0.536,8,9
217550,55,14,1,salerno,meeting,0.736,0.889,4,8
766564,41,14,3,roma_solferino,teamwork,0.796,0.938,11,5
451955,22,14,12,roma_serpenti,solo,0.738,0.216,2,4
512942,7,14,12,messina,meeting,0.868,0.365,18,8
913454,57,14,2,napoli,teamwork,0.296,0.520,11,2
394716,12,14,5,arezzo,teamwork,0.868,0.553,19,6
253274,28,14,7,pisa,solo,0.515,0.968,18,7
803901,47,14,10,salerno,solo,0.273,0.248,10,4
368107,17,14,12,firenze,meeting,0.314,0.776,9,3
704381,55,14,8,arezzo,teamwork,0.266,0.683,16,7
716000,2,14,8,napoli,meeting,0.254,0.635,20,3
844900,48,14,6,firenze,meeting,0.723,0.227,1,3
142057,53,14,11,bologna,teamwork,0.555,0.619,18,7
222671,7,14,3,venezia,teamwork,0.481,0.313,4,4
656537,45,14,4,pisa,meeting,0.671,0.518,5,4
113799,14,14,8,roma_serpenti,teamwork,0.463,0.692,18,2
904226,49,14,2,bologna,solo,0.695,0.879,15,4
616407,13,14,9,torino,meeting,0.567,0.481,2,3
215778,55,14,8,roma_solferino,teamwork,0.828,0.931,1,4
507039,58,14,9,pisa,teamwork,0.347,0.352,18,9
345911,55,14,1,venezia,solo,0.637,0.624,16,9
549746,51,14,5,salerno,solo,0.383,0.296,1,3
458380,41,14,5,arezzo,meeting,0.345,0.902,3,9
578117,4,14,1,bergamo,teamwork,0.238,0.250,14,9
507771,56,14,7,messina,solo,0.816,0.462,20,6
705038,23,14,9,napoli,teamwork,0.683,0.215,19,8
896274,47,14,8,messina,meeting,0.279,0.862,20,3
264603,44,14,6,bologna,teamwork,0.454,0.294,6,9
959311,40,14,5,milano_tortona,meeting,0.836,0.455,10,4
480289,25,14,5,torino,teamwork,0.901,0.539,20,2
643698,27,14,8,napoli,solo,0.559,0.375,17,9
337245,49,14,10,roma_solferino,solo,0.436,0.462,13,9
369878,28,14,1,roma_eur,meeting,0.471,0.262,4,2
862076,17,14,7,bergamo,teamwork,0.619,0.847,14,6
710299,47,14,9,roma_eur,solo,0.338,0.402,13,9
214263,18,14,7,torino,teamwork,0.656,0.888,3,8
613734,31,14,5,roma_eur,teamwork,0.366,0.493,9,8
176327,60,14,12,firenze,solo,0.494,0.197,7,2
808179,41,14,11,bergamo,teamwork,0.875,0.676,13,3
151060,19,14,7,messina,meeting,0.919,0.557,8,8
134944,46,14,11,roma_solferino,teamwork,0.690,0.742,14,8
407110,40,14,4,bologna,meeting,0.758,0.459,12,2
828602,50,14,6,roma_solferino,teamwork,0.277,0.512,8,4
487947,5,14,6,milano_larga,solo,0.706,0.618,3,4
356309,1,14,4,roma_serpenti,solo,0.757,0.599,14,5
827188,44,14,2,bologna,meeting,0.885,0.590,10,2
570422,44,14,6,roma_serpenti,teamwork,0.243,0.850,2,8
399930,28,14,11,salerno,solo,0.843,0.565,13,3
442189,31,14,8,roma_serpenti,teamwork,0.289,0.392,11,5
909936,1,14,9,torino,teamwork,0.471,0.735,9,2
754868,35,14,7,milano_larga,solo,0.283,0.401,18,9
334238,27,14,10,napoli,meeting,0.301,0.619,10,5
963443,50,14,10,milano_tortona,teamwork,0.481,0.823,7,5
918994,11,14,12,pisa,solo,0.394,0.756,2,2
768477,45,14,10,napoli,teamwork,0.910,0.235,4,4
133848,28,14,11,arezzo,teamwork,0.680,0.842,4,8
936502,4,14,9,napoli,meeting,0.269,0.463,16,5
747027,37,14,2,venezia,teamwork,0.819,0.526,16,8
314568,14,14,7,roma_eur,solo,0.663,0.508,1,2
822239,21,14,4,bergamo,teamwork,0.296,0.523,8,8
998162,48,14,10,firenze,meeting,0.363,0.265,5,9
274311,5,14,1,roma_serpenti,teamwork,0.234,0.898,17,3
159466,8,14,5,milano_tortona,meeting,0.603,0.639,3,3
637602,55,14,4,bologna,teamwork,0.730,0.808,20,7
632391,39,14,10,torino,solo,0.757,0.242,16,4
333613,28,14,2,roma_solferino,solo,0.921,0.774,14,4
827870,57,14,9,torino,meeting,0.766,0.456,18,9
753593,3,14,12,roma_serpenti,teamwork,0.470,0.422,15,9
396891,44,14,4,bergamo,solo,0.421,0.817,19,5
470328,31,14,8,firenze,teamwork,0.361,0.703,9,6
774934,21,14,7,torino,teamwork,0.744,0.410,9,2
981100,27,14,3,roma_serpenti,solo,0.493,0.773,12,8
331533,29,14,10,pisa,meeting,0.650,0.353,12,8
814429,51,14,6,milano_larga,teamwork,0.631,0.850,16,2
135558,30,14,9,roma_solferino,teamwork,0.263,0.752,15,6
632132,24,15,7,bergamo,solo,0.784,0.941,18,9
469099,51,15,10,roma_solferino,solo,0.710,0.343,3,3
826752,7,15,1,milano_larga,meeting,0.384,0.718,18,3
605617,15,15,5,bologna,teamwork,0.527,0.593,4,2
622533,58,15,11,napoli,solo,0.686,0.220,9,9
122035,31,15,3,roma_solferino,teamwork,0.694,0.959,20,4
731452,23,15,4,milano_larga,meeting,0.904,0.314,18,5
847484,16,15,11,bergamo,teamwork,0.525,0.373,9,9
214733,3,15,4,firenze,meeting,0.753,0.919,4,2
402362,46,15,11,arezzo,teamwork,0.283,0.874,4,7
902879,37,15,3,pisa,solo,0.716,0.796,4,3
837455,35,15,2,milano_tortona,solo,0.890,0.753,5,9
832959,2,15,6,bologna,meeting,0.544,0.357,14,4
650006,8,15,9,roma_solferino,teamwork,0.782,0.514,1,9
256501,2,15,12,torino,solo,0.653,0.699,7,6
669224,48,15,11,bergamo,teamwork,0.788,0.578,15,5
382619,40,15,7,roma_eur,teamwork,0.778,0.792,19,8
125754,14,15,9,napoli,meeting,0.349,0.806,15,9
852258,23,15,8,milano_tortona,meeting,0.680,0.773,17,4
334243,32,15,9,roma_solferino,teamwork,0.591,0.601,2,8
653089,30,15,9,roma_serpenti,teamwork,0.623,0.307,8,4
879337,24,15,3,bergamo,meeting,0.664,0.472,2,9
766494,51,15,9,arezzo,teamwork,0.654,0.662,6,5
859859,53,15,3,napoli,solo,0.649,0.845,13,8
234460,7,15,1,milano_tortona,meeting,0.742,0.924,1,7
660010,52,15,4,bergamo,teamwork,0.292,0.728,2,9
116715,18,15,1,firenze,teamwork,0.899,0.723,9,7
595861,15,15,10,torino,solo,0.486,0.380,15,8
287116,12,15,11,roma_solferino,solo,0.603,0.304,10,7
607605,6,15,11,salerno,meeting,0.729,0.328,11,9
427989,39,15,2,milano_tortona,meeting,0.390,0.690,20,6
475558,20,15,4,torino,meeting,0.870,0.852,12,8
677176,1,15,4,roma_eur,teamwork,0.665,0.581,11,7
792658,35,15,3,salerno,teamwork,0.650,0.968,20,2
359541,13,15,10,venezia,meeting,0.284,0.649,12,3
961648,3,15,6,torino,teamwork,0.885,0.839,12,8
853193,25,15,3,roma_solferino,solo,0.484,0.318,4,2
955898,8,15,6,messina,meeting,0.468,0.192,7,7
932334,21,15,11,napoli,teamwork,0.414,0.857,10,7
689404,51,15,6,torino,teamwork,0.733,0.286,17,6
595275,38,15,1,napoli,solo,0.283,0.333,18,2
323786,40,15,8,roma_eur,solo,0.441,0.322,14,9
387520,23,15,3,milano_tortona,meeting,0.295,0.710,5,9
314545,34,15,4,roma_eur,teamwork,0.451,0.923,13,8
750194,46,15,3,milano_larga,solo,0.641,0.968,13,8
568056,20,15,5,roma_serpenti,teamwork,0.440,0.538,4,9
492794,60,15,6,milano_larga,meeting,0.353,0.827,10,3
193297,8,15,10,bergamo,teamwork,0.723,0.509,10,8
836367,45,15,3,messina,meeting,0.566,0.583,14,4
769557,10,15,7,bergamo,teamwork,0.680,0.200,4,5
762992,57,15,3,pisa,solo,0.598,0.316,5,9
456758,44,15,2,roma_solferino,solo,0.908,0.508,20,3
138169,10,15,11,messina,meeting,0.830,0.385,12,6
120504,50,15,4,bologna,teamwork,0.839,0.955,20,9
856082,53,15,11,messina,solo,0.277,0.809,16,5
789720,33,15,12,bergamo,teamwork,0.504,0.707,5,3
882824,60,15,2,arezzo,teamwork,0.922,0.506,18,2
838425,57,15,2,milano_larga,teamwork,0.266,0.647,10,8
608504,27,15,12,firenze,solo,0.639,0.195,8,4
941986,17,15,1,roma_eur,teamwork,0.927,0.492,20,3
824239,56,15,10,roma_solferino,meeting,0.731,0.928,19,5
518619,23,15,3,roma_solferino,teamwork,0.541,0.753,5,6
158137,41,15,5,roma_solferino,meeting,0.475,0.924,4,7
951837,27,15,10,roma_serpenti,teamwork,0.873,0.735,8,8
935956,8,15,7,bergamo,solo,0.241,0.625,7,9
861453,23,15,8,pisa,solo,0.263,0.398,18,4
214649,27,15,6,roma_solferino,meeting,0.808,0.598,7,8
406420,50,15,6,milano_tortona,teamwork,0.480,0.538,2,2
736978,29,15,6,bergamo,solo,0.396,0.824,8,5
388898,28,15,12,bergamo,teamwork,0.866,0.276,9,8
265562,9,15,7,firenze,teamwork,0.236,0.434,10,8
787289,40,15,1,firenze,meeting,0.866,0.771,6,5
176562,35,15,11,pisa,teamwork,0.528,0.371,20,9
671579,5,15,3,bergamo,solo,0.491,0.580,10,2
913326,51,15,5,roma_eur,teamwork,0.782,0.921,13,2
146489,33,15,3,roma_serpenti,teamwork,0.417,0.520,16,4
940764,59,15,12,venezia,teamwork,0.653,0.938,17,3
624272,13,15,2,milano_tortona,solo,0.602,0.402,14,4
238041,49,15,10,milano_tortona,teamwork,0.909,0.659,19,7
401621,60,15,6,torino,meeting,0.775,0.732,1,6
878866,3,15,6,salerno,teamwork,0.430,0.511,4,3
976389,37,15,11,bergamo,meeting,0.604,0.396,13,6
827699,5,15,3,roma_serpenti,teamwork,0.529,0.201,12,7
488819,16,15,5,arezzo,solo,0.927,0.523,4,8
663608,24,15,10,napoli,solo,0.545,0.516,15,7
731724,4,15,5,salerno,meeting,0.907,0.826,12,6
430134,39,15,6,salerno,teamwork,0.306,0.546,1,4
432130,27,15,7,messina,solo,0.659,0.926,15,3
121658,36,15,8,messina,teamwork,0.373,0.977,9,5
194395,45,15,10,roma_solferino,teamwork,0.415,0.607,2,7
873762,1,15,7,arezzo,meeting,0.504,0.617,15,4
482994,30,15,3,salerno,teamwork,0.383,0.607,14,8
983489,9,15,9,roma_eur,solo,0.361,0.302,12,9
264288,57,15,6,roma_eur,teamwork,0.863,0.228,1,7
477501,13,15,4,bergamo,teamwork,0.411,0.869,12,9
917319,37,15,5,bergamo,teamwork,0.311,0.498,8,7
855729,30,15,11,torino,solo,0.553,0.330,5,2
220155,28,15,3,napoli,teamwork,0.529,0.366,18,4
849092,32,15,6,firenze,meeting,0.421,0.312,12,6
368259,11,15,4,roma_serpenti,teamwork,0.473,0.535,19,3
277017,16,15,9,venezia,meeting,0.903,0.198,20,4
850492,42,15,10,roma_eur,teamwork,0.411,0.976,10,3
839342,39,15,5,firenze,solo,0.650,0.711,9,9
185899,16,15,8,bologna,solo,0.272,0.217,11,8
597415,1,15,5,messina,meeting,0.610,0.500,18,4
961828,45,15,9,bergamo,teamwork,0.830,0.791,9,2
869366,15,15,5,roma_eur,solo,0.889,0.673,1,3
325045,52,15,12,salerno,teamwork,0.571,0.350,20,4
878488,58,15,2,pisa,teamwork,0.303,0.324,12,8
604577,13,15,2,napoli,solo,0.239,0.918,7,7
477933,36,15,6,venezia,solo,0.322,0.932,2,3
465428,25,15,3,roma_eur,solo,0.652,0.578,18,6
708156,38,15,12,napoli,solo,0.796,0.794,14,2
